Christlein_Nb;Class;Orig_Format;Duplicate_Format;Duplicate;RGB/BW;ImgFileName;FileName;Orig_ImgFileName;Tensmeyer_Nb
12;Script-3-add;JPG;NA;NO;RGB;../../Fontenay_WriterID_small/FRAD021_15_H_100_0002_jpg.bmp;FRAD021_15_H_100_0002_jpg.bmp;FRAD021_15_H_100_0002.jpg;214
13;Script-3b;TIF;NA;NO;RGB;../../Fontenay_WriterID_small/FRAD021_15_H_107_0016_tif.bmp;FRAD021_15_H_107_0016_tif.bmp;FRAD021_15_H_107_0016.tif;154
119;NA;JPG;NA;NO;RGB;../../Fontenay_WriterID_small/FRAD021_15_H_107_0026_jpg.bmp;FRAD021_15_H_107_0026_jpg.bmp;FRAD021_15_H_107_0026.jpg;250
290;Script-2b;JPG;NA;NO;RGB;../../Fontenay_WriterID_small/FRAD021_15_H_109_0002_jpg.bmp;FRAD021_15_H_109_0002_jpg.bmp;FRAD021_15_H_109_0002.jpg;239
139;NA;TIF;NA;NO;RGB;../../Fontenay_WriterID_small/FRAD021_15_H_110_0010_tif.bmp;FRAD021_15_H_110_0010_tif.bmp;FRAD021_15_H_110_0010.tif;292
289;Script-3a;TIF;NA;NO;RGB;../../Fontenay_WriterID_small/FRAD021_15_H_110_0012_tif.bmp;FRAD021_15_H_110_0012_tif.bmp;FRAD021_15_H_110_0012.tif;369
163;Script-3a;JPG;D-jpg;Y1;RGB;../../Fontenay_WriterID_small/FRAD021_15_H_110_0014_jpg.bmp;FRAD021_15_H_110_0014_jpg.bmp;FRAD021_15_H_110_0014.jpg;93
125;Script-3a;TIF;D-tif;Y1;RGB;../../Fontenay_WriterID_small/FRAD021_15_H_110_0014_tif.bmp;FRAD021_15_H_110_0014_tif.bmp;FRAD021_15_H_110_0014.tif;69
338;NA;JPG;NA;NO;RGB;../../Fontenay_WriterID_small/FRAD021_15_H_110_0016_jpg.bmp;FRAD021_15_H_110_0016_jpg.bmp;FRAD021_15_H_110_0016.jpg;192
210;NA-script;JPG;NA;NO;RGB;../../Fontenay_WriterID_small/FRAD021_15_H_112_0002_jpg.bmp;FRAD021_15_H_112_0002_jpg.bmp;FRAD021_15_H_112_0002.jpg;35
283;NA-script;JPG;D-jpg;Y2;RGB;../../Fontenay_WriterID_small/FRAD021_15_H_118_0002_jpg.bmp;FRAD021_15_H_118_0002_jpg.bmp;FRAD021_15_H_118_0002.jpg;170
159;NA-script;TIF;D-tif;Y2;RGB;../../Fontenay_WriterID_small/FRAD021_15_H_118_0002_tif.bmp;FRAD021_15_H_118_0002_tif.bmp;FRAD021_15_H_118_0002.tif;269
269;NA-1278;TIF;NA;NO;RGB;../../Fontenay_WriterID_small/FRAD021_15_H_118_0004_tif.bmp;FRAD021_15_H_118_0004_tif.bmp;FRAD021_15_H_118_0004.tif;137
53;NA-1278;TIF;NA;NO;RGB;../../Fontenay_WriterID_small/FRAD021_15_H_118_0006_tif.bmp;FRAD021_15_H_118_0006_tif.bmp;FRAD021_15_H_118_0006.tif;336
324;NA-1278;TIF;NA;NO;RGB;../../Fontenay_WriterID_small/FRAD021_15_H_118_0008_tif.bmp;FRAD021_15_H_118_0008_tif.bmp;FRAD021_15_H_118_0008.tif;260
143;Script-3c;JPG;D-jpg;Y3;RGB;../../Fontenay_WriterID_small/FRAD021_15_H_118_0010_jpg.bmp;FRAD021_15_H_118_0010_jpg.bmp;FRAD021_15_H_118_0010.jpg;148
244;Script-3c;TIF;D-tif;Y3;RGB;../../Fontenay_WriterID_small/FRAD021_15_H_118_0010_tif.bmp;FRAD021_15_H_118_0010_tif.bmp;FRAD021_15_H_118_0010.tif;139
276;Script-3-add;TIF;NA;NO;RGB;../../Fontenay_WriterID_small/FRAD021_15_H_118_0012_tif.bmp;FRAD021_15_H_118_0012_tif.bmp;FRAD021_15_H_118_0012.tif;155
70;Script-3a;TIF;NA;NO;RGB;../../Fontenay_WriterID_small/FRAD021_15_H_118_0014_tif.bmp;FRAD021_15_H_118_0014_tif.bmp;FRAD021_15_H_118_0014.tif;176
221;Script-3a;TIF;NA;NO;RGB;../../Fontenay_WriterID_small/FRAD021_15_H_119_0002_tif.bmp;FRAD021_15_H_119_0002_tif.bmp;FRAD021_15_H_119_0002.tif;95
106;Script-add;JPG;NA;NO;RGB;../../Fontenay_WriterID_small/FRAD021_15_H_120_0002_jpg.bmp;FRAD021_15_H_120_0002_jpg.bmp;FRAD021_15_H_120_0002.jpg;147
234;Script-2a;TIF;NA;NO;RGB;../../Fontenay_WriterID_small/FRAD021_15_H_120_0004_tif.bmp;FRAD021_15_H_120_0004_tif.bmp;FRAD021_15_H_120_0004.tif;42
111;Script-2b;TIF;NA;NO;RGB;../../Fontenay_WriterID_small/FRAD021_15_H_120_0006_tif.bmp;FRAD021_15_H_120_0006_tif.bmp;FRAD021_15_H_120_0006.tif;186
346;NA;JPG;NA;NO;RGB;../../Fontenay_WriterID_small/FRAD021_15_H_120_0008_jpg.bmp;FRAD021_15_H_120_0008_jpg.bmp;FRAD021_15_H_120_0008.jpg;248
3;Script-3a;TIF;NA;NO;RGB;../../Fontenay_WriterID_small/FRAD021_15_H_120_0010_tif.bmp;FRAD021_15_H_120_0010_tif.bmp;FRAD021_15_H_120_0010.tif;280
10;NA;JPG;NA;NO;RGB;../../Fontenay_WriterID_small/FRAD021_15_H_120_0012_jpg.bmp;FRAD021_15_H_120_0012_jpg.bmp;FRAD021_15_H_120_0012.jpg;98
160;Script-2b;JPG;D-jpg;Y4;RGB;../../Fontenay_WriterID_small/FRAD021_15_H_130_0002_jpg.bmp;FRAD021_15_H_130_0002_jpg.bmp;FRAD021_15_H_130_0002.jpg;116
43;Script-2b;TIF;D-tif;Y4;RGB;../../Fontenay_WriterID_small/FRAD021_15_H_130_0002_tif.bmp;FRAD021_15_H_130_0002_tif.bmp;FRAD021_15_H_130_0002.tif;322
103;Script-2b;JPG;D-jpg;Y5;RGB;../../Fontenay_WriterID_small/FRAD021_15_H_130_0004_jpg.bmp;FRAD021_15_H_130_0004_jpg.bmp;FRAD021_15_H_130_0004.jpg;7
335;Script-2b;TIF;D-tif;Y5;RGB;../../Fontenay_WriterID_small/FRAD021_15_H_130_0004_tif.bmp;FRAD021_15_H_130_0004_tif.bmp;FRAD021_15_H_130_0004.tif;359
114;Script-2a;TIF;NA;NO;RGB;../../Fontenay_WriterID_small/FRAD021_15_H_130_0006_tif.bmp;FRAD021_15_H_130_0006_tif.bmp;FRAD021_15_H_130_0006.tif;141
348;NA;JPG;D-jpg;Y6;RGB;../../Fontenay_WriterID_small/FRAD021_15_H_130_0008_jpg.bmp;FRAD021_15_H_130_0008_jpg.bmp;FRAD021_15_H_130_0008.jpg;52
198;NA;TIF;D-tif;Y6;RGB;../../Fontenay_WriterID_small/FRAD021_15_H_130_0008_tif.bmp;FRAD021_15_H_130_0008_tif.bmp;FRAD021_15_H_130_0008.tif;110
212;Script-2b;TIF;NA;NO;RGB;../../Fontenay_WriterID_small/FRAD021_15_H_135_0002_tif.bmp;FRAD021_15_H_135_0002_tif.bmp;FRAD021_15_H_135_0002.tif;166
303;Script-0;TIF;NA;NO;RGB;../../Fontenay_WriterID_small/FRAD021_15_H_136_0003_tif.bmp;FRAD021_15_H_136_0003_tif.bmp;FRAD021_15_H_136_0003.tif;30
184;NA;TIF;NA;NO;RGB;../../Fontenay_WriterID_small/FRAD021_15_H_139_0003_tif.bmp;FRAD021_15_H_139_0003_tif.bmp;FRAD021_15_H_139_0003.tif;201
373;Script-1;TIF;NA;NO;RGB;../../Fontenay_WriterID_small/FRAD021_15_H_148_0002_tif.bmp;FRAD021_15_H_148_0002_tif.bmp;FRAD021_15_H_148_0002.tif;373
190;Script-2-add;JPG;NA;NO;RGB;../../Fontenay_WriterID_small/FRAD021_15_H_148_0004_jpg.bmp;FRAD021_15_H_148_0004_jpg.bmp;FRAD021_15_H_148_0004.jpg;11
196;Script-3b;TIF;NA;NO;RGB;../../Fontenay_WriterID_small/FRAD021_15_H_148_0006_tif.bmp;FRAD021_15_H_148_0006_tif.bmp;FRAD021_15_H_148_0006.tif;178
83;NA;JPG;NA;NO;RGB;../../Fontenay_WriterID_small/FRAD021_15_H_148_0008_jpg.bmp;FRAD021_15_H_148_0008_jpg.bmp;FRAD021_15_H_148_0008.jpg;324
366;Script-3a;JPG;NA;NO;RGB;../../Fontenay_WriterID_small/FRAD021_15_H_148_0010_jpg.bmp;FRAD021_15_H_148_0010_jpg.bmp;FRAD021_15_H_148_0010.jpg;121
340;Script-3a;TIF;NA;NO;RGB;../../Fontenay_WriterID_small/FRAD021_15_H_148_0012_tif.bmp;FRAD021_15_H_148_0012_tif.bmp;FRAD021_15_H_148_0012.tif;243
86;Script-3a;TIF;NA;NO;RGB;../../Fontenay_WriterID_small/FRAD021_15_H_148_0014_tif.bmp;FRAD021_15_H_148_0014_tif.bmp;FRAD021_15_H_148_0014.tif;163
177;Script-Chir1;JPG;D-jpg;Y7;RGB;../../Fontenay_WriterID_small/FRAD021_15_H_148_0016_jpg.bmp;FRAD021_15_H_148_0016_jpg.bmp;FRAD021_15_H_148_0016.jpg;213
302;Script-Chir1;TIF;D-tif;Y7;RGB;../../Fontenay_WriterID_small/FRAD021_15_H_148_0016_tif.bmp;FRAD021_15_H_148_0016_tif.bmp;FRAD021_15_H_148_0016.tif;129
31;Script-Chir1;JPG;D-jpg;Y8;RGB;../../Fontenay_WriterID_small/FRAD021_15_H_148_0018_jpg.bmp;FRAD021_15_H_148_0018_jpg.bmp;FRAD021_15_H_148_0018.jpg;267
277;Script-Chir1;TIF;D-tif;Y8;RGB;../../Fontenay_WriterID_small/FRAD021_15_H_148_0018_tif.bmp;FRAD021_15_H_148_0018_tif.bmp;FRAD021_15_H_148_0018.tif;73
127;NA;TIF;NA;NO;RGB;../../Fontenay_WriterID_small/FRAD021_15_H_156_0002_tif.bmp;FRAD021_15_H_156_0002_tif.bmp;FRAD021_15_H_156_0002.tif;334
342;Script-1;TIF;NA;NO;RGB;../../Fontenay_WriterID_small/FRAD021_15_H_156_0006_tif.bmp;FRAD021_15_H_156_0006_tif.bmp;FRAD021_15_H_156_0006.tif;142
191;Script-0;TIF;NA;NO;RGB;../../Fontenay_WriterID_small/FRAD021_15_H_156_0008_tif.bmp;FRAD021_15_H_156_0008_tif.bmp;FRAD021_15_H_156_0008.tif;149
365;Script-add;TIF;NA;NO;RGB;../../Fontenay_WriterID_small/FRAD021_15_H_156_0010_tif.bmp;FRAD021_15_H_156_0010_tif.bmp;FRAD021_15_H_156_0010.tif;346
370;Script-3-add;JPG;NA;NO;RGB;../../Fontenay_WriterID_small/FRAD021_15_H_156_0012_jpg.bmp;FRAD021_15_H_156_0012_jpg.bmp;FRAD021_15_H_156_0012.jpg;251
44;Script-1;TIF;NA;NO;RGB;../../Fontenay_WriterID_small/FRAD021_15_H_163_0004_tif.bmp;FRAD021_15_H_163_0004_tif.bmp;FRAD021_15_H_163_0004.tif;96
301;Script-1;TIF;NA;NO;RGB;../../Fontenay_WriterID_small/FRAD021_15_H_163_0006_tif.bmp;FRAD021_15_H_163_0006_tif.bmp;FRAD021_15_H_163_0006.tif;370
278;Script-1;TIF;NA;NO;RGB;../../Fontenay_WriterID_small/FRAD021_15_H_163_0008_tif.bmp;FRAD021_15_H_163_0008_tif.bmp;FRAD021_15_H_163_0008.tif;355
209;NA;TIF;NA;NO;RGB;../../Fontenay_WriterID_small/FRAD021_15_H_163_0010_tif.bmp;FRAD021_15_H_163_0010_tif.bmp;FRAD021_15_H_163_0010.tif;362
297;NA;TIF;NA;NO;RGB;../../Fontenay_WriterID_small/FRAD021_15_H_163_0012_tif.bmp;FRAD021_15_H_163_0012_tif.bmp;FRAD021_15_H_163_0012.tif;301
327;Script-2a;TIF;NA;NO;RGB;../../Fontenay_WriterID_small/FRAD021_15_H_163_0014_tif.bmp;FRAD021_15_H_163_0014_tif.bmp;FRAD021_15_H_163_0014.tif;315
215;Script-2b;TIF;NA;NO;RGB;../../Fontenay_WriterID_small/FRAD021_15_H_163_0016_tif.bmp;FRAD021_15_H_163_0016_tif.bmp;FRAD021_15_H_163_0016.tif;188
321;NA;TIF;NA;NO;RGB;../../Fontenay_WriterID_small/FRAD021_15_H_163_0018_tif.bmp;FRAD021_15_H_163_0018_tif.bmp;FRAD021_15_H_163_0018.tif;140
205;Script-2b;TIF;NA;NO;RGB;../../Fontenay_WriterID_small/FRAD021_15_H_163_0020_tif.bmp;FRAD021_15_H_163_0020_tif.bmp;FRAD021_15_H_163_0020.tif;132
257;Script-3a;TIF;NA;NO;RGB;../../Fontenay_WriterID_small/FRAD021_15_H_163_0022_tif.bmp;FRAD021_15_H_163_0022_tif.bmp;FRAD021_15_H_163_0022.tif;270
60;Script-3a;TIF;NA;NO;RGB;../../Fontenay_WriterID_small/FRAD021_15_H_163_0024_tif.bmp;FRAD021_15_H_163_0024_tif.bmp;FRAD021_15_H_163_0024.tif;51
169;Script-3a;JPG;D-jpg;Y9;RGB;../../Fontenay_WriterID_small/FRAD021_15_H_163_0026_jpg.bmp;FRAD021_15_H_163_0026_jpg.bmp;FRAD021_15_H_163_0026.jpg;231
358;Script-3a;TIF;D-tif;Y9;RGB;../../Fontenay_WriterID_small/FRAD021_15_H_163_0026_tif.bmp;FRAD021_15_H_163_0026_tif.bmp;FRAD021_15_H_163_0026.tif;321
134;Script-3a;JPG;D-jpg;Y10;RGB;../../Fontenay_WriterID_small/FRAD021_15_H_163_0028_jpg.bmp;FRAD021_15_H_163_0028_jpg.bmp;FRAD021_15_H_163_0028.jpg;1
142;Script-3a;TIF;D-tif;Y10;RGB;../../Fontenay_WriterID_small/FRAD021_15_H_163_0028_tif.bmp;FRAD021_15_H_163_0028_tif.bmp;FRAD021_15_H_163_0028.tif;162
175;Script-3a;TIF;NA;NO;RGB;../../Fontenay_WriterID_small/FRAD021_15_H_163_0030_tif.bmp;FRAD021_15_H_163_0030_tif.bmp;FRAD021_15_H_163_0030.tif;342
223;NA;TIF;NA;NO;RGB;../../Fontenay_WriterID_small/FRAD021_15_H_163_0032_tif.bmp;FRAD021_15_H_163_0032_tif.bmp;FRAD021_15_H_163_0032.tif;351
336;NA;TIF;NA;NO;RGB;../../Fontenay_WriterID_small/FRAD021_15_H_163_0034_tif.bmp;FRAD021_15_H_163_0034_tif.bmp;FRAD021_15_H_163_0034.tif;19
124;Script-3a;TIF;NA;NO;RGB;../../Fontenay_WriterID_small/FRAD021_15_H_163_0036_tif.bmp;FRAD021_15_H_163_0036_tif.bmp;FRAD021_15_H_163_0036.tif;255
131;NA;TIF;NA;NO;RGB;../../Fontenay_WriterID_small/FRAD021_15_H_163_0042_tif.bmp;FRAD021_15_H_163_0042_tif.bmp;FRAD021_15_H_163_0042.tif;256
162;NA;TIF;NA;NO;RGB;../../Fontenay_WriterID_small/FRAD021_15_H_163_0044_tif.bmp;FRAD021_15_H_163_0044_tif.bmp;FRAD021_15_H_163_0044.tif;60
265;NA;TIF;NA;NO;RGB;../../Fontenay_WriterID_small/FRAD021_15_H_163_0048_tif.bmp;FRAD021_15_H_163_0048_tif.bmp;FRAD021_15_H_163_0048.tif;350
37;NA;TIF;NA;NO;RGB;../../Fontenay_WriterID_small/FRAD021_15_H_163_0050_tif.bmp;FRAD021_15_H_163_0050_tif.bmp;FRAD021_15_H_163_0050.tif;156
137;NA;TIF;NA;NO;RGB;../../Fontenay_WriterID_small/FRAD021_15_H_163_0053_tif.bmp;FRAD021_15_H_163_0053_tif.bmp;FRAD021_15_H_163_0053.tif;59
88;NA;TIF;NA;NO;RGB;../../Fontenay_WriterID_small/FRAD021_15_H_163_0055_tif.bmp;FRAD021_15_H_163_0055_tif.bmp;FRAD021_15_H_163_0055.tif;36
271;Script-3c;TIF;NA;NO;RGB;../../Fontenay_WriterID_small/FRAD021_15_H_163_0075_tif.bmp;FRAD021_15_H_163_0075_tif.bmp;FRAD021_15_H_163_0075.tif;173
204;Script-3a;TIF;NA;NO;RGB;../../Fontenay_WriterID_small/FRAD021_15_H_163_0078_tif.bmp;FRAD021_15_H_163_0078_tif.bmp;FRAD021_15_H_163_0078.tif;17
369;NA;TIF;NA;NO;RGB;../../Fontenay_WriterID_small/FRAD021_15_H_17_0003_tif.bmp;FRAD021_15_H_17_0003_tif.bmp;FRAD021_15_H_17_0003.tif;165
315;NA;TIF;NA;NO;RGB;../../Fontenay_WriterID_small/FRAD021_15_H_179_0002_tif.bmp;FRAD021_15_H_179_0002_tif.bmp;FRAD021_15_H_179_0002.tif;194
171;Script-3a;TIF;NA;NO;RGB;../../Fontenay_WriterID_small/FRAD021_15_H_179_0004_tif.bmp;FRAD021_15_H_179_0004_tif.bmp;FRAD021_15_H_179_0004.tif;227
116;Script-2b;TIF;NA;NO;RGB;../../Fontenay_WriterID_small/FRAD021_15_H_181_0002_tif.bmp;FRAD021_15_H_181_0002_tif.bmp;FRAD021_15_H_181_0002.tif;150
231;Script-3a;TIF;NA;NO;RGB;../../Fontenay_WriterID_small/FRAD021_15_H_181_0004_tif.bmp;FRAD021_15_H_181_0004_tif.bmp;FRAD021_15_H_181_0004.tif;37
322;Script-3c;JPG;NA;NO;RGB;../../Fontenay_WriterID_small/FRAD021_15_H_181_0006_jpg.bmp;FRAD021_15_H_181_0006_jpg.bmp;FRAD021_15_H_181_0006.jpg;123
22;Script-3a;TIF;NA;NO;RGB;../../Fontenay_WriterID_small/FRAD021_15_H_181_0008_tif.bmp;FRAD021_15_H_181_0008_tif.bmp;FRAD021_15_H_181_0008.tif;131
16;NA;TIF;NA;NO;RGB;../../Fontenay_WriterID_small/FRAD021_15_H_183_0002_tif.bmp;FRAD021_15_H_183_0002_tif.bmp;FRAD021_15_H_183_0002.tif;189
230;Script-2b;JPG;NA;NO;RGB;../../Fontenay_WriterID_small/FRAD021_15_H_185_0003_jpg.bmp;FRAD021_15_H_185_0003_jpg.bmp;FRAD021_15_H_185_0003.jpg;40
14;Script-3c;TIF;NA;NO;RGB;../../Fontenay_WriterID_small/FRAD021_15_H_190_0004_tif.bmp;FRAD021_15_H_190_0004_tif.bmp;FRAD021_15_H_190_0004.tif;294
345;Script-3a;JPG;NA;NO;RGB;../../Fontenay_WriterID_small/FRAD021_15_H_190_0012_jpg.bmp;FRAD021_15_H_190_0012_jpg.bmp;FRAD021_15_H_190_0012.jpg;190
355;Script-1;TIF;NA;NO;RGB;../../Fontenay_WriterID_small/FRAD021_15_H_190_0018_tif.bmp;FRAD021_15_H_190_0018_tif.bmp;FRAD021_15_H_190_0018.tif;313
270;Script-1;TIF;NA;NO;RGB;../../Fontenay_WriterID_small/FRAD021_15_H_190_0020_tif.bmp;FRAD021_15_H_190_0020_tif.bmp;FRAD021_15_H_190_0020.tif;138
34;Script-1;TIF;NA;NO;RGB;../../Fontenay_WriterID_small/FRAD021_15_H_190_0022_tif.bmp;FRAD021_15_H_190_0022_tif.bmp;FRAD021_15_H_190_0022.tif;265
120;NA;JPG;NA;NO;RGB;../../Fontenay_WriterID_small/FRAD021_15_H_190_0024_jpg.bmp;FRAD021_15_H_190_0024_jpg.bmp;FRAD021_15_H_190_0024.jpg;67
334;Script-3a;JPG;NA;NO;RGB;../../Fontenay_WriterID_small/FRAD021_15_H_190_0026_jpg.bmp;FRAD021_15_H_190_0026_jpg.bmp;FRAD021_15_H_190_0026.jpg;174
286;NA;TIF;NA;NO;RGB;../../Fontenay_WriterID_small/FRAD021_15_H_190_0026_tif.bmp;FRAD021_15_H_190_0026_tif.bmp;FRAD021_15_H_190_0026.tif;340
188;NA;JPG;NA;NO;RGB;../../Fontenay_WriterID_small/FRAD021_15_H_190_0036_jpg.bmp;FRAD021_15_H_190_0036_jpg.bmp;FRAD021_15_H_190_0036.jpg;331
241;Script-3a;TIF;NA;NO;RGB;../../Fontenay_WriterID_small/FRAD021_15_H_190_0052_tif.bmp;FRAD021_15_H_190_0052_tif.bmp;FRAD021_15_H_190_0052.tif;120
249;Script-1;TIF;NA;NO;RGB;../../Fontenay_WriterID_small/FRAD021_15_H_193_0002_tif.bmp;FRAD021_15_H_193_0002_tif.bmp;FRAD021_15_H_193_0002.tif;333
377;Script-1;TIF;NA;NO;RGB;../../Fontenay_WriterID_small/FRAD021_15_H_193_0004_tif.bmp;FRAD021_15_H_193_0004_tif.bmp;FRAD021_15_H_193_0004.tif;5
199;Script-3a;JPG;NA;NO;RGB;../../Fontenay_WriterID_small/FRAD021_15_H_193_0006_jpg.bmp;FRAD021_15_H_193_0006_jpg.bmp;FRAD021_15_H_193_0006.jpg;175
192;NA;TIF;NA;NO;RGB;../../Fontenay_WriterID_small/FRAD021_15_H_193_0006_tif.bmp;FRAD021_15_H_193_0006_tif.bmp;FRAD021_15_H_193_0006.tif;71
294;Script-3b;TIF;NA;NO;RGB;../../Fontenay_WriterID_small/FRAD021_15_H_193_0008_tif.bmp;FRAD021_15_H_193_0008_tif.bmp;FRAD021_15_H_193_0008.tif;90
268;NA;TIF;NA;NO;RGB;../../Fontenay_WriterID_small/FRAD021_15_H_193_0010_tif.bmp;FRAD021_15_H_193_0010_tif.bmp;FRAD021_15_H_193_0010.tif;323
26;Script-3c;JPG;D-jpg;Y11;RGB;../../Fontenay_WriterID_small/FRAD021_15_H_193_0012_jpg.bmp;FRAD021_15_H_193_0012_jpg.bmp;FRAD021_15_H_193_0012.jpg;302
351;Script-3c;TIF;D-tif;Y11;RGB;../../Fontenay_WriterID_small/FRAD021_15_H_193_0012_tif.bmp;FRAD021_15_H_193_0012_tif.bmp;FRAD021_15_H_193_0012.tif;27
356;Script-3a;JPG;D-jpg;Y12;RGB;../../Fontenay_WriterID_small/FRAD021_15_H_193_0014_jpg.bmp;FRAD021_15_H_193_0014_jpg.bmp;FRAD021_15_H_193_0014.jpg;203
376;Script-3a;TIF;D-tif;Y12;RGB;../../Fontenay_WriterID_small/FRAD021_15_H_193_0014_tif.bmp;FRAD021_15_H_193_0014_tif.bmp;FRAD021_15_H_193_0014.tif;335
359;NA;JPG;D-jpg;Y13;RGB;../../Fontenay_WriterID_small/FRAD021_15_H_193_0016_jpg.bmp;FRAD021_15_H_193_0016_jpg.bmp;FRAD021_15_H_193_0016.jpg;181
363;NA;TIF;D-tif;Y13;RGB;../../Fontenay_WriterID_small/FRAD021_15_H_193_0016_tif.bmp;FRAD021_15_H_193_0016_tif.bmp;FRAD021_15_H_193_0016.tif;127
285;NA;JPG;D-jpg;Y14;RGB;../../Fontenay_WriterID_small/FRAD021_15_H_193_0018_jpg.bmp;FRAD021_15_H_193_0018_jpg.bmp;FRAD021_15_H_193_0018.jpg;374
101;NA;TIF;D-tif;Y14;RGB;../../Fontenay_WriterID_small/FRAD021_15_H_193_0018_tif.bmp;FRAD021_15_H_193_0018_tif.bmp;FRAD021_15_H_193_0018.tif;115
109;NA;TIF;NA;NO;RGB;../../Fontenay_WriterID_small/FRAD021_15_H_193_0020_tif.bmp;FRAD021_15_H_193_0020_tif.bmp;FRAD021_15_H_193_0020.tif;208
183;NA;TIF;NA;NO;RGB;../../Fontenay_WriterID_small/FRAD021_15_H_193_0022_tif.bmp;FRAD021_15_H_193_0022_tif.bmp;FRAD021_15_H_193_0022.tif;230
65;Script-1;TIF;NA;NO;RGB;../../Fontenay_WriterID_small/FRAD021_15_H_199_0002_tif.bmp;FRAD021_15_H_199_0002_tif.bmp;FRAD021_15_H_199_0002.tif;112
166;Script-1;TIF;NA;NO;RGB;../../Fontenay_WriterID_small/FRAD021_15_H_199_0004_tif.bmp;FRAD021_15_H_199_0004_tif.bmp;FRAD021_15_H_199_0004.tif;307
19;Script-3a;TIF;NA;NO;RGB;../../Fontenay_WriterID_small/FRAD021_15_H_199_0006_tif.bmp;FRAD021_15_H_199_0006_tif.bmp;FRAD021_15_H_199_0006.tif;164
150;Script-2b;JPG;D-jpg;Y15;RGB;../../Fontenay_WriterID_small/FRAD021_15_H_199_0008_jpg.bmp;FRAD021_15_H_199_0008_jpg.bmp;FRAD021_15_H_199_0008.jpg;311
149;Script-2b;TIF;D-tif;Y15;RGB;../../Fontenay_WriterID_small/FRAD021_15_H_199_0008_tif.bmp;FRAD021_15_H_199_0008_tif.bmp;FRAD021_15_H_199_0008.tif;83
172;Script-3-add;TIF;NA;NO;RGB;../../Fontenay_WriterID_small/FRAD021_15_H_199_0010_tif.bmp;FRAD021_15_H_199_0010_tif.bmp;FRAD021_15_H_199_0010.tif;14
174;Script-2b;JPG;D-jpg;Y16;RGB;../../Fontenay_WriterID_small/FRAD021_15_H_199_0012_jpg.bmp;FRAD021_15_H_199_0012_jpg.bmp;FRAD021_15_H_199_0012.jpg;245
41;Script-2b;TIF;D-tif;Y16;RGB;../../Fontenay_WriterID_small/FRAD021_15_H_199_0012_tif.bmp;FRAD021_15_H_199_0012_tif.bmp;FRAD021_15_H_199_0012.tif;326
307;Script-3-add;TIF;NA;NO;RGB;../../Fontenay_WriterID_small/FRAD021_15_H_199_0014_tif.bmp;FRAD021_15_H_199_0014_tif.bmp;FRAD021_15_H_199_0014.tif;185
130;NA;TIF;NA;NO;RGB;../../Fontenay_WriterID_small/FRAD021_15_H_199_0016_tif.bmp;FRAD021_15_H_199_0016_tif.bmp;FRAD021_15_H_199_0016.tif;56
23;Script-1;TIF;NA;NO;RGB;../../Fontenay_WriterID_small/FRAD021_15_H_203_0002_tif.bmp;FRAD021_15_H_203_0002_tif.bmp;FRAD021_15_H_203_0002.tif;183
148;Script-1;TIF;NA;NO;RGB;../../Fontenay_WriterID_small/FRAD021_15_H_203_0004_tif.bmp;FRAD021_15_H_203_0004_tif.bmp;FRAD021_15_H_203_0004.tif;266
180;Script-2b;TIF;NA;NO;RGB;../../Fontenay_WriterID_small/FRAD021_15_H_203_0006_tif.bmp;FRAD021_15_H_203_0006_tif.bmp;FRAD021_15_H_203_0006.tif;134
78;Script-3a;JPG;NA;NO;RGB;../../Fontenay_WriterID_small/FRAD021_15_H_203_0008_jpg.bmp;FRAD021_15_H_203_0008_jpg.bmp;FRAD021_15_H_203_0008.jpg;264
21;Script-3a;TIF;NA;NO;RGB;../../Fontenay_WriterID_small/FRAD021_15_H_203_0010_tif.bmp;FRAD021_15_H_203_0010_tif.bmp;FRAD021_15_H_203_0010.tif;344
102;Script-3a;TIF;NA;NO;RGB;../../Fontenay_WriterID_small/FRAD021_15_H_203_0014_tif.bmp;FRAD021_15_H_203_0014_tif.bmp;FRAD021_15_H_203_0014.tif;91
372;Script-3a;TIF;NA;NO;RGB;../../Fontenay_WriterID_small/FRAD021_15_H_203_0016_tif.bmp;FRAD021_15_H_203_0016_tif.bmp;FRAD021_15_H_203_0016.tif;345
193;Script-3a;TIF;NA;NO;RGB;../../Fontenay_WriterID_small/FRAD021_15_H_203_0018_tif.bmp;FRAD021_15_H_203_0018_tif.bmp;FRAD021_15_H_203_0018.tif;375
333;NA;TIF;NA;NO;RGB;../../Fontenay_WriterID_small/FRAD021_15_H_203_0020_tif.bmp;FRAD021_15_H_203_0020_tif.bmp;FRAD021_15_H_203_0020.tif;259
140;NA;JPG;NA;NO;RGB;../../Fontenay_WriterID_small/FRAD021_15_H_203_0027_jpg.bmp;FRAD021_15_H_203_0027_jpg.bmp;FRAD021_15_H_203_0027.jpg;249
24;Script-1;TIF;NA;NO;RGB;../../Fontenay_WriterID_small/FRAD021_15_H_243_0004_tif.bmp;FRAD021_15_H_243_0004_tif.bmp;FRAD021_15_H_243_0004.tif;34
104;NA;TIF;NA;NO;RGB;../../Fontenay_WriterID_small/FRAD021_15_H_243_0006_tif.bmp;FRAD021_15_H_243_0006_tif.bmp;FRAD021_15_H_243_0006.tif;85
248;NA;JPG;D-jpg;Y17;RGB;../../Fontenay_WriterID_small/FRAD021_15_H_243_0008_jpg.bmp;FRAD021_15_H_243_0008_jpg.bmp;FRAD021_15_H_243_0008.jpg;316
282;NA;TIF;D-tif;Y17;RGB;../../Fontenay_WriterID_small/FRAD021_15_H_243_0008_tif.bmp;FRAD021_15_H_243_0008_tif.bmp;FRAD021_15_H_243_0008.tif;246
144;NA;TIF;NA;NO;RGB;../../Fontenay_WriterID_small/FRAD021_15_H_243_0010_tif.bmp;FRAD021_15_H_243_0010_tif.bmp;FRAD021_15_H_243_0010.tif;109
76;NA;TIF;NA;NO;RGB;../../Fontenay_WriterID_small/FRAD021_15_H_243_0012_tif.bmp;FRAD021_15_H_243_0012_tif.bmp;FRAD021_15_H_243_0012.tif;136
225;Script-2a;TIF;NA;NO;RGB;../../Fontenay_WriterID_small/FRAD021_15_H_249_0004_tif.bmp;FRAD021_15_H_249_0004_tif.bmp;FRAD021_15_H_249_0004.tif;306
339;Script-3a;TIF;NA;NO;RGB;../../Fontenay_WriterID_small/FRAD021_15_H_249_0006_tif.bmp;FRAD021_15_H_249_0006_tif.bmp;FRAD021_15_H_249_0006.tif;295
99;Script-1;TIF;NA;NO;RGB;../../Fontenay_WriterID_small/FRAD021_15_H_249_0010_tif.bmp;FRAD021_15_H_249_0010_tif.bmp;FRAD021_15_H_249_0010.tif;219
310;Script-3a;TIF;NA;NO;RGB;../../Fontenay_WriterID_small/FRAD021_15_H_249_0014_tif.bmp;FRAD021_15_H_249_0014_tif.bmp;FRAD021_15_H_249_0014.tif;211
211;Script-1;TIF;NA;NO;RGB;../../Fontenay_WriterID_small/FRAD021_15_H_249_0016_tif.bmp;FRAD021_15_H_249_0016_tif.bmp;FRAD021_15_H_249_0016.tif;282
161;Script-1;TIF;NA;NO;RGB;../../Fontenay_WriterID_small/FRAD021_15_H_249_0018_tif.bmp;FRAD021_15_H_249_0018_tif.bmp;FRAD021_15_H_249_0018.tif;300
107;NA;JPG;NA;NO;RGB;../../Fontenay_WriterID_small/FRAD021_15_H_249_0020_jpg.bmp;FRAD021_15_H_249_0020_jpg.bmp;FRAD021_15_H_249_0020.jpg;238
6;Script-2a;JPG;NA;NO;RGB;../../Fontenay_WriterID_small/FRAD021_15_H_249_0022_jpg.bmp;FRAD021_15_H_249_0022_jpg.bmp;FRAD021_15_H_249_0022.jpg;74
28;Script-3a;JPG;D-jpg;Y18;RGB;../../Fontenay_WriterID_small/FRAD021_15_H_257_0002_jpg.bmp;FRAD021_15_H_257_0002_jpg.bmp;FRAD021_15_H_257_0002.jpg;309
117;Script-3a;TIF;D-tif;Y18;RGB;../../Fontenay_WriterID_small/FRAD021_15_H_257_0002_tif.bmp;FRAD021_15_H_257_0002_tif.bmp;FRAD021_15_H_257_0002.tif;39
361;Script-3-add;TIF;NA;NO;RGB;../../Fontenay_WriterID_small/FRAD021_15_H_257_0004_tif.bmp;FRAD021_15_H_257_0004_tif.bmp;FRAD021_15_H_257_0004.tif;191
320;Script-3a;TIF;NA;NO;RGB;../../Fontenay_WriterID_small/FRAD021_15_H_257_0006_tif.bmp;FRAD021_15_H_257_0006_tif.bmp;FRAD021_15_H_257_0006.tif;3
323;Script-2b;TIF;NA;NO;RGB;../../Fontenay_WriterID_small/FRAD021_15_H_257_0008_tif.bmp;FRAD021_15_H_257_0008_tif.bmp;FRAD021_15_H_257_0008.tif;48
110;NA;TIF;NA;NO;RGB;../../Fontenay_WriterID_small/FRAD021_15_H_257_0010_tif.bmp;FRAD021_15_H_257_0010_tif.bmp;FRAD021_15_H_257_0010.tif;339
364;NA;TIF;NA;NO;RGB;../../Fontenay_WriterID_small/FRAD021_15_H_257_0012_tif.bmp;FRAD021_15_H_257_0012_tif.bmp;FRAD021_15_H_257_0012.tif;347
156;NA;TIF;NA;NO;RGB;../../Fontenay_WriterID_small/FRAD021_15_H_257_0014_tif.bmp;FRAD021_15_H_257_0014_tif.bmp;FRAD021_15_H_257_0014.tif;360
157;Script-3a;TIF;NA;NO;RGB;../../Fontenay_WriterID_small/FRAD021_15_H_257_0016_tif.bmp;FRAD021_15_H_257_0016_tif.bmp;FRAD021_15_H_257_0016.tif;281
72;Script-3a;TIF;NA;NO;RGB;../../Fontenay_WriterID_small/FRAD021_15_H_257_0018_tif.bmp;FRAD021_15_H_257_0018_tif.bmp;FRAD021_15_H_257_0018.tif;126
272;NA;TIF;NA;NO;RGB;../../Fontenay_WriterID_small/FRAD021_15_H_257_0020_tif.bmp;FRAD021_15_H_257_0020_tif.bmp;FRAD021_15_H_257_0020.tif;337
341;NA;TIF;NA;NO;RGB;../../Fontenay_WriterID_small/FRAD021_15_H_257_0022_tif.bmp;FRAD021_15_H_257_0022_tif.bmp;FRAD021_15_H_257_0022.tif;94
17;NA;TIF;NA;NO;RGB;../../Fontenay_WriterID_small/FRAD021_15_H_257_0024_tif.bmp;FRAD021_15_H_257_0024_tif.bmp;FRAD021_15_H_257_0024.tif;325
222;NA;JPG;NA;NO;RGB;../../Fontenay_WriterID_small/FRAD021_15_H_270_0002_jpg.bmp;FRAD021_15_H_270_0002_jpg.bmp;FRAD021_15_H_270_0002.jpg;114
306;Script-2a;TIF;NA;NO;RGB;../../Fontenay_WriterID_small/FRAD021_15_H_273_0002_tif.bmp;FRAD021_15_H_273_0002_tif.bmp;FRAD021_15_H_273_0002.tif;314
262;Script-3-add;JPG;D-jpg;Y19;RGB;../../Fontenay_WriterID_small/FRAD021_15_H_277_0002_jpg.bmp;FRAD021_15_H_277_0002_jpg.bmp;FRAD021_15_H_277_0002.jpg;200
353;Script-3-add;TIF;D-tif;Y19;RGB;../../Fontenay_WriterID_small/FRAD021_15_H_277_0002_tif.bmp;FRAD021_15_H_277_0002_tif.bmp;FRAD021_15_H_277_0002.tif;365
167;Script-3-add;JPG;D-jpg;Y20;RGB;../../Fontenay_WriterID_small/FRAD021_15_H_278_0002_jpg.bmp;FRAD021_15_H_278_0002_jpg.bmp;FRAD021_15_H_278_0002.jpg;41
328;Script-3-add;TIF;D-tif;Y20;RGB;../../Fontenay_WriterID_small/FRAD021_15_H_278_0002_tif.bmp;FRAD021_15_H_278_0002_tif.bmp;FRAD021_15_H_278_0002.tif;235
27;NA;TIF;NA;NO;RGB;../../Fontenay_WriterID_small/FRAD021_15_H_278_0004_tif.bmp;FRAD021_15_H_278_0004_tif.bmp;FRAD021_15_H_278_0004.tif;242
8;Script-3a;JPG;D-jpg;Y21;RGB;../../Fontenay_WriterID_small/FRAD021_15_H_279_0002_jpg.bmp;FRAD021_15_H_279_0002_jpg.bmp;FRAD021_15_H_279_0002.jpg;124
311;Script-3a;TIF;D-tif;Y21;RGB;../../Fontenay_WriterID_small/FRAD021_15_H_279_0002_tif.bmp;FRAD021_15_H_279_0002_tif.bmp;FRAD021_15_H_279_0002.tif;308
165;NA;JPG;D-jpg;Y22;RGB;../../Fontenay_WriterID_small/FRAD021_15_H_282_0002_jpg.bmp;FRAD021_15_H_282_0002_jpg.bmp;FRAD021_15_H_282_0002.jpg;283
185;NA;TIF;D-tif;Y22;RGB;../../Fontenay_WriterID_small/FRAD021_15_H_282_0002_tif.bmp;FRAD021_15_H_282_0002_tif.bmp;FRAD021_15_H_282_0002.tif;358
20;Script-2b;TIF;NA;NO;RGB;../../Fontenay_WriterID_small/FRAD021_15_H_284_0002_tif.bmp;FRAD021_15_H_284_0002_tif.bmp;FRAD021_15_H_284_0002.tif;271
36;Script-3a;TIF;NA;NO;RGB;../../Fontenay_WriterID_small/FRAD021_15_H_291_0002_tif.bmp;FRAD021_15_H_291_0002_tif.bmp;FRAD021_15_H_291_0002.tif;144
97;NA;JPG;D-jpg;Y23;RGB;../../Fontenay_WriterID_small/FRAD021_15_H_294_0002_jpg.bmp;FRAD021_15_H_294_0002_jpg.bmp;FRAD021_15_H_294_0002.jpg;354
100;NA;TIF;D-tif;Y23;RGB;../../Fontenay_WriterID_small/FRAD021_15_H_294_0002_tif.bmp;FRAD021_15_H_294_0002_tif.bmp;FRAD021_15_H_294_0002.tif;212
59;NA;JPG;D-jpg;Y24;RGB;../../Fontenay_WriterID_small/FRAD021_15_H_317_0006_jpg.bmp;FRAD021_15_H_317_0006_jpg.bmp;FRAD021_15_H_317_0006.jpg;343
75;NA;TIF;D-tif;Y24;RGB;../../Fontenay_WriterID_small/FRAD021_15_H_317_0006_tif.bmp;FRAD021_15_H_317_0006_tif.bmp;FRAD021_15_H_317_0006.tif;172
54;Script-3-add;JPG;D-jpg;Y25;RGB;../../Fontenay_WriterID_small/FRAD021_15_H_320_0002_jpg.bmp;FRAD021_15_H_320_0002_jpg.bmp;FRAD021_15_H_320_0002.jpg;130
61;Script-3-add;TIF;D-tif;Y25;RGB;../../Fontenay_WriterID_small/FRAD021_15_H_320_0002_tif.bmp;FRAD021_15_H_320_0002_tif.bmp;FRAD021_15_H_320_0002.tif;87
51;Script-3-add;JPG;D-jpg;Y26;RGB;../../Fontenay_WriterID_small/FRAD021_15_H_320_0004_jpg.bmp;FRAD021_15_H_320_0004_jpg.bmp;FRAD021_15_H_320_0004.jpg;108
347;Script-3-add;TIF;D-tif;Y26;RGB;../../Fontenay_WriterID_small/FRAD021_15_H_320_0004_tif.bmp;FRAD021_15_H_320_0004_tif.bmp;FRAD021_15_H_320_0004.tif;151
176;Script-3a;JPG;D-jpg;Y27;RGB;../../Fontenay_WriterID_small/FRAD021_15_H_320_0008_jpg.bmp;FRAD021_15_H_320_0008_jpg.bmp;FRAD021_15_H_320_0008.jpg;317
155;Script-3a;TIF;D-tif;Y27;RGB;../../Fontenay_WriterID_small/FRAD021_15_H_320_0008_tif.bmp;FRAD021_15_H_320_0008_tif.bmp;FRAD021_15_H_320_0008.tif;233
121;Script-3a;TIF;NA;NO;RGB;../../Fontenay_WriterID_small/FRAD021_15_H_320_0010_tif.bmp;FRAD021_15_H_320_0010_tif.bmp;FRAD021_15_H_320_0010.tif;54
298;Script-2b;JPG;D-jpg;Y28;RGB;../../Fontenay_WriterID_small/FRAD021_15_H_320_0012_jpg.bmp;FRAD021_15_H_320_0012_jpg.bmp;FRAD021_15_H_320_0012.jpg;332
242;Script-2b;TIF;D-tif;Y28;RGB;../../Fontenay_WriterID_small/FRAD021_15_H_320_0012_tif.bmp;FRAD021_15_H_320_0012_tif.bmp;FRAD021_15_H_320_0012.tif;79
236;NA;TIF;NA;NO;RGB;../../Fontenay_WriterID_small/FRAD021_15_H_320_0014_tif.bmp;FRAD021_15_H_320_0014_tif.bmp;FRAD021_15_H_320_0014.tif;78
152;NA;JPG;D-jpg;Y29;RGB;../../Fontenay_WriterID_small/FRAD021_15_H_328_0008_jpg.bmp;FRAD021_15_H_328_0008_jpg.bmp;FRAD021_15_H_328_0008.jpg;376
74;NA;TIF;D-tif;Y29;RGB;../../Fontenay_WriterID_small/FRAD021_15_H_328_0008_tif.bmp;FRAD021_15_H_328_0008_tif.bmp;FRAD021_15_H_328_0008.tif;145
158;NA;JPG;D-jpg;Y30;RGB;../../Fontenay_WriterID_small/FRAD021_15_H_328_0010_jpg.bmp;FRAD021_15_H_328_0010_jpg.bmp;FRAD021_15_H_328_0010.jpg;82
98;NA;TIF;D-tif;Y30;RGB;../../Fontenay_WriterID_small/FRAD021_15_H_328_0010_tif.bmp;FRAD021_15_H_328_0010_tif.bmp;FRAD021_15_H_328_0010.tif;357
331;NA;TIF;NA;NO;RGB;../../Fontenay_WriterID_small/FRAD021_15_H_328_0012_tif.bmp;FRAD021_15_H_328_0012_tif.bmp;FRAD021_15_H_328_0012.tif;268
233;Script-3a;TIF;D-tif;Y31;RGB;../../Fontenay_WriterID_small/FRAD021_15_H_329_0002_tif.bmp;FRAD021_15_H_329_0002_tif.bmp;FRAD021_15_H_329_0002.tif;18
239;Script-3a;TIF;D-tif;Y31;RGB;../../Fontenay_WriterID_small/FRAD021_15_H_335_0002_tif.bmp;FRAD021_15_H_335_0002_tif.bmp;FRAD021_15_H_335_0002.tif;99
337;NA;TIF;NA;NO;RGB;../../Fontenay_WriterID_small/FRAD021_15_H_335_0004_tif.bmp;FRAD021_15_H_335_0004_tif.bmp;FRAD021_15_H_335_0004.tif;70
299;Script-2-add;JPG;D-jpg;Y32;RGB;../../Fontenay_WriterID_small/FRAD021_15_H_337_0006_jpg.bmp;FRAD021_15_H_337_0006_jpg.bmp;FRAD021_15_H_337_0006.jpg;47
138;Script-2-add;TIF;D-tif;Y32;RGB;../../Fontenay_WriterID_small/FRAD021_15_H_337_0006_tif.bmp;FRAD021_15_H_337_0006_tif.bmp;FRAD021_15_H_337_0006.tif;241
194;Script-3-add;JPG;D-jpg;Y33;RGB;../../Fontenay_WriterID_small/FRAD021_15_H_341_0002_jpg.bmp;FRAD021_15_H_341_0002_jpg.bmp;FRAD021_15_H_341_0002.jpg;197
218;Script-3-add;TIF;D-tif;Y33;RGB;../../Fontenay_WriterID_small/FRAD021_15_H_341_0002_tif.bmp;FRAD021_15_H_341_0002_tif.bmp;FRAD021_15_H_341_0002.tif;102
326;NA;JPG;D-jpg;Y34;RGB;../../Fontenay_WriterID_small/FRAD021_15_H_357_0003_jpg.bmp;FRAD021_15_H_357_0003_jpg.bmp;FRAD021_15_H_357_0003.jpg;247
226;NA;TIF;D-tif;Y34;RGB;../../Fontenay_WriterID_small/FRAD021_15_H_357_0003_tif.bmp;FRAD021_15_H_357_0003_tif.bmp;FRAD021_15_H_357_0003.tif;12
126;Script-1;TIF;NA;NO;RGB;../../Fontenay_WriterID_small/FRAD021_15_H_357_0005_tif.bmp;FRAD021_15_H_357_0005_tif.bmp;FRAD021_15_H_357_0005.tif;319
316;NA;JPG;D-jpg;Y35;RGB;../../Fontenay_WriterID_small/FRAD021_15_H_357_0007_jpg.bmp;FRAD021_15_H_357_0007_jpg.bmp;FRAD021_15_H_357_0007.jpg;210
229;NA;TIF;D-tif;Y35;RGB;../../Fontenay_WriterID_small/FRAD021_15_H_357_0007_tif.bmp;FRAD021_15_H_357_0007_tif.bmp;FRAD021_15_H_357_0007.tif;111
202;NA;JPG;NA;NO;RGB;../../Fontenay_WriterID_small/FRAD021_15_H_58_0002_jpg.bmp;FRAD021_15_H_58_0002_jpg.bmp;FRAD021_15_H_58_0002.jpg;50
141;NA;JPG;NA;NO;RGB;../../Fontenay_WriterID_small/FRAD021_15_H_62_0003_jpg.bmp;FRAD021_15_H_62_0003_jpg.bmp;FRAD021_15_H_62_0003.jpg;352
91;NA;TIF;NA;NO;RGB;../../Fontenay_WriterID_small/FRAD021_15_H_62_0007_tif.bmp;FRAD021_15_H_62_0007_tif.bmp;FRAD021_15_H_62_0007.tif;244
96;NA;JPG;NA;NO;RGB;../../Fontenay_WriterID_small/FRAD021_15_H_62_0009_jpg.bmp;FRAD021_15_H_62_0009_jpg.bmp;FRAD021_15_H_62_0009.jpg;158
220;NA;JPG;NA;NO;RGB;../../Fontenay_WriterID_small/FRAD021_15_H_62_0015_jpg.bmp;FRAD021_15_H_62_0015_jpg.bmp;FRAD021_15_H_62_0015.jpg;338
32;NA;TIF;NA;NO;RGB;../../Fontenay_WriterID_small/FRAD021_15_H_65_0002_tif.bmp;FRAD021_15_H_65_0002_tif.bmp;FRAD021_15_H_65_0002.tif;167
250;NA;JPG;D-jpg;Y36;RGB;../../Fontenay_WriterID_small/FRAD021_15_H_65_0004_jpg.bmp;FRAD021_15_H_65_0004_jpg.bmp;FRAD021_15_H_65_0004.jpg;24
168;NA;TIF;D-tif;Y36;RGB;../../Fontenay_WriterID_small/FRAD021_15_H_65_0004_tif.bmp;FRAD021_15_H_65_0004_tif.bmp;FRAD021_15_H_65_0004.tif;221
319;NA;JPG;NA;NO;RGB;../../Fontenay_WriterID_small/FRAD021_15_H_66_0004_jpg.bmp;FRAD021_15_H_66_0004_jpg.bmp;FRAD021_15_H_66_0004.jpg;287
48;NA;JPG;NA;NO;RGB;../../Fontenay_WriterID_small/FRAD021_15_H_66_0005_jpg.bmp;FRAD021_15_H_66_0005_jpg.bmp;FRAD021_15_H_66_0005.jpg;22
309;NA;JPG;NA;NO;RGB;../../Fontenay_WriterID_small/FRAD021_15_H_66_0006_jpg.bmp;FRAD021_15_H_66_0006_jpg.bmp;FRAD021_15_H_66_0006.jpg;146
62;NA;JPG;D-jpg;Y37;RGB;../../Fontenay_WriterID_small/FRAD021_15_H_66_0008_jpg.bmp;FRAD021_15_H_66_0008_jpg.bmp;FRAD021_15_H_66_0008.jpg;209
318;NA;TIF;D-tif;Y37;RGB;../../Fontenay_WriterID_small/FRAD021_15_H_66_0008_tif.bmp;FRAD021_15_H_66_0008_tif.bmp;FRAD021_15_H_66_0008.tif;328
296;NA;JPG;NA;NO;RGB;../../Fontenay_WriterID_small/FRAD021_15_H_66_0010_jpg.bmp;FRAD021_15_H_66_0010_jpg.bmp;FRAD021_15_H_66_0010.jpg;297
181;NA;JPG;NA;NO;RGB;../../Fontenay_WriterID_small/FRAD021_15_H_66_0012_jpg.bmp;FRAD021_15_H_66_0012_jpg.bmp;FRAD021_15_H_66_0012.jpg;20
18;NA;TIF;NA;NO;RGB;../../Fontenay_WriterID_small/FRAD021_15_H_66_0014_tif.bmp;FRAD021_15_H_66_0014_tif.bmp;FRAD021_15_H_66_0014.tif;66
237;NA;JPG;NA;NO;RGB;../../Fontenay_WriterID_small/FRAD021_15_H_67_0002_jpg.bmp;FRAD021_15_H_67_0002_jpg.bmp;FRAD021_15_H_67_0002.jpg;372
55;NA;JPG;NA;NO;RGB;../../Fontenay_WriterID_small/FRAD021_15_H_72_0002_jpg.bmp;FRAD021_15_H_72_0002_jpg.bmp;FRAD021_15_H_72_0002.jpg;64
129;NA;JPG;NA;NO;RGB;../../Fontenay_WriterID_small/FRAD021_15_H_72_0004_jpg.bmp;FRAD021_15_H_72_0004_jpg.bmp;FRAD021_15_H_72_0004.jpg;258
343;NA;JPG;NA;NO;RGB;../../Fontenay_WriterID_small/FRAD021_15_H_72_0006_jpg.bmp;FRAD021_15_H_72_0006_jpg.bmp;FRAD021_15_H_72_0006.jpg;296
90;NA;TIF;NA;NO;RGB;../../Fontenay_WriterID_small/FRAD021_15_H_74_0001_tif.bmp;FRAD021_15_H_74_0001_tif.bmp;FRAD021_15_H_74_0001.tif;61
264;NA;JPG;NA;NO;RGB;../../Fontenay_WriterID_small/FRAD021_15_H_75_0018_jpg.bmp;FRAD021_15_H_75_0018_jpg.bmp;FRAD021_15_H_75_0018.jpg;177
354;NA;JPG;NA;NO;RGB;../../Fontenay_WriterID_small/FRAD021_15_H_75_0020_jpg.bmp;FRAD021_15_H_75_0020_jpg.bmp;FRAD021_15_H_75_0020.jpg;88
80;NA;JPG;NA;NO;RGB;../../Fontenay_WriterID_small/FRAD021_15_H_75_0021_jpg.bmp;FRAD021_15_H_75_0021_jpg.bmp;FRAD021_15_H_75_0021.jpg;29
186;NA;TIF;NA;NO;RGB;../../Fontenay_WriterID_small/FRAD021_15_H_77_0003_tif.bmp;FRAD021_15_H_77_0003_tif.bmp;FRAD021_15_H_77_0003.tif;55
39;NA;TIF;NA;NO;RGB;../../Fontenay_WriterID_small/FRAD021_15_H_77_0005_tif.bmp;FRAD021_15_H_77_0005_tif.bmp;FRAD021_15_H_77_0005.tif;303
300;NA;TIF;NA;NO;RGB;../../Fontenay_WriterID_small/FRAD021_15_H_77_0007_tif.bmp;FRAD021_15_H_77_0007_tif.bmp;FRAD021_15_H_77_0007.tif;285
189;NA;TIF;NA;NO;RGB;../../Fontenay_WriterID_small/FRAD021_15_H_77_0009_tif.bmp;FRAD021_15_H_77_0009_tif.bmp;FRAD021_15_H_77_0009.tif;366
40;NA;TIF;NA;NO;RGB;../../Fontenay_WriterID_small/FRAD021_15_H_82_0002_tif.bmp;FRAD021_15_H_82_0002_tif.bmp;FRAD021_15_H_82_0002.tif;205
136;NA;TIF;NA;NO;RGB;../../Fontenay_WriterID_small/FRAD021_15_H_85_0002_tif.bmp;FRAD021_15_H_85_0002_tif.bmp;FRAD021_15_H_85_0002.tif;44
304;NA;TIF;NA;NO;RGB;../../Fontenay_WriterID_small/FRAD021_15_H_9_0001_tif.bmp;FRAD021_15_H_9_0001_tif.bmp;FRAD021_15_H_9_0001.tif;153
82;LAT3244;JPG;NA;NO;Grey;../../Fontenay_WriterID_small/gallica.bnf.fr-iiif-ark_-12148-btv1b10032321p-f10-full-full-0-native_jpg.bmp;gallica.bnf.fr-iiif-ark_-12148-btv1b10032321p-f10-full-full-0-native_jpg.bmp;gallica.bnf.fr-iiif-ark_-12148-btv1b10032321p-f10-full-full-0-native.jpg;187
251;LAT3244;JPG;NA;NO;Grey;../../Fontenay_WriterID_small/gallica.bnf.fr-iiif-ark_-12148-btv1b10032321p-f11-full-full-0-native_jpg.bmp;gallica.bnf.fr-iiif-ark_-12148-btv1b10032321p-f11-full-full-0-native_jpg.bmp;gallica.bnf.fr-iiif-ark_-12148-btv1b10032321p-f11-full-full-0-native.jpg;226
261;LAT3244;JPG;NA;NO;Grey;../../Fontenay_WriterID_small/gallica.bnf.fr-iiif-ark_-12148-btv1b10032321p-f12-full-full-0-native_jpg.bmp;gallica.bnf.fr-iiif-ark_-12148-btv1b10032321p-f12-full-full-0-native_jpg.bmp;gallica.bnf.fr-iiif-ark_-12148-btv1b10032321p-f12-full-full-0-native.jpg;254
153;LAT3244;JPG;NA;NO;Grey;../../Fontenay_WriterID_small/gallica.bnf.fr-iiif-ark_-12148-btv1b10032321p-f13-full-full-0-native_jpg.bmp;gallica.bnf.fr-iiif-ark_-12148-btv1b10032321p-f13-full-full-0-native_jpg.bmp;gallica.bnf.fr-iiif-ark_-12148-btv1b10032321p-f13-full-full-0-native.jpg;23
362;LAT3244;JPG;NA;NO;Grey;../../Fontenay_WriterID_small/gallica.bnf.fr-iiif-ark_-12148-btv1b10032321p-f14-full-full-0-native_jpg.bmp;gallica.bnf.fr-iiif-ark_-12148-btv1b10032321p-f14-full-full-0-native_jpg.bmp;gallica.bnf.fr-iiif-ark_-12148-btv1b10032321p-f14-full-full-0-native.jpg;263
200;LAT7617;JPG;NA;NO;Grey;../../Fontenay_WriterID_small/gallica.bnf.fr-iiif-ark_-12148-btv1b10032611d-f10-full-full-0-native_jpg.bmp;gallica.bnf.fr-iiif-ark_-12148-btv1b10032611d-f10-full-full-0-native_jpg.bmp;gallica.bnf.fr-iiif-ark_-12148-btv1b10032611d-f10-full-full-0-native.jpg;223
197;LAT7617;JPG;NA;NO;Grey;../../Fontenay_WriterID_small/gallica.bnf.fr-iiif-ark_-12148-btv1b10032611d-f11-full-full-0-native_jpg.bmp;gallica.bnf.fr-iiif-ark_-12148-btv1b10032611d-f11-full-full-0-native_jpg.bmp;gallica.bnf.fr-iiif-ark_-12148-btv1b10032611d-f11-full-full-0-native.jpg;84
280;LAT7617;JPG;NA;NO;Grey;../../Fontenay_WriterID_small/gallica.bnf.fr-iiif-ark_-12148-btv1b10032611d-f12-full-full-0-native_jpg.bmp;gallica.bnf.fr-iiif-ark_-12148-btv1b10032611d-f12-full-full-0-native_jpg.bmp;gallica.bnf.fr-iiif-ark_-12148-btv1b10032611d-f12-full-full-0-native.jpg;215
135;LAT7617;JPG;NA;NO;Grey;../../Fontenay_WriterID_small/gallica.bnf.fr-iiif-ark_-12148-btv1b10032611d-f13-full-full-0-native_jpg.bmp;gallica.bnf.fr-iiif-ark_-12148-btv1b10032611d-f13-full-full-0-native_jpg.bmp;gallica.bnf.fr-iiif-ark_-12148-btv1b10032611d-f13-full-full-0-native.jpg;341
252;LAT7617;JPG;NA;NO;Grey;../../Fontenay_WriterID_small/gallica.bnf.fr-iiif-ark_-12148-btv1b10032611d-f14-full-full-0-native_jpg.bmp;gallica.bnf.fr-iiif-ark_-12148-btv1b10032611d-f14-full-full-0-native_jpg.bmp;gallica.bnf.fr-iiif-ark_-12148-btv1b10032611d-f14-full-full-0-native.jpg;195
4;LAT5296C;JPG;NA;NO;Grey;../../Fontenay_WriterID_small/gallica.bnf.fr-iiif-ark_-12148-btv1b10032715k-f286-full-full-0-native_jpg.bmp;gallica.bnf.fr-iiif-ark_-12148-btv1b10032715k-f286-full-full-0-native_jpg.bmp;gallica.bnf.fr-iiif-ark_-12148-btv1b10032715k-f286-full-full-0-native.jpg;217
146;LAT5296C;JPG;NA;NO;Grey;../../Fontenay_WriterID_small/gallica.bnf.fr-iiif-ark_-12148-btv1b10032715k-f287-full-full-0-native_jpg.bmp;gallica.bnf.fr-iiif-ark_-12148-btv1b10032715k-f287-full-full-0-native_jpg.bmp;gallica.bnf.fr-iiif-ark_-12148-btv1b10032715k-f287-full-full-0-native.jpg;371
66;LAT5296C;JPG;NA;NO;Grey;../../Fontenay_WriterID_small/gallica.bnf.fr-iiif-ark_-12148-btv1b10032715k-f288-full-full-0-native_jpg.bmp;gallica.bnf.fr-iiif-ark_-12148-btv1b10032715k-f288-full-full-0-native_jpg.bmp;gallica.bnf.fr-iiif-ark_-12148-btv1b10032715k-f288-full-full-0-native.jpg;77
207;LAT5296C;JPG;NA;NO;Grey;../../Fontenay_WriterID_small/gallica.bnf.fr-iiif-ark_-12148-btv1b10032715k-f289-full-full-0-native_jpg.bmp;gallica.bnf.fr-iiif-ark_-12148-btv1b10032715k-f289-full-full-0-native_jpg.bmp;gallica.bnf.fr-iiif-ark_-12148-btv1b10032715k-f289-full-full-0-native.jpg;240
132;LAT5296C;JPG;NA;NO;Grey;../../Fontenay_WriterID_small/gallica.bnf.fr-iiif-ark_-12148-btv1b10032715k-f290-full-full-0-native_jpg.bmp;gallica.bnf.fr-iiif-ark_-12148-btv1b10032715k-f290-full-full-0-native_jpg.bmp;gallica.bnf.fr-iiif-ark_-12148-btv1b10032715k-f290-full-full-0-native.jpg;8
33;LAT2649;JPG;NA;NO;Grey;../../Fontenay_WriterID_small/gallica.bnf.fr-iiif-ark_-12148-btv1b100332814-f10-full-full-0-native_jpg.bmp;gallica.bnf.fr-iiif-ark_-12148-btv1b100332814-f10-full-full-0-native_jpg.bmp;gallica.bnf.fr-iiif-ark_-12148-btv1b100332814-f10-full-full-0-native.jpg;273
50;LAT2649;JPG;NA;NO;Grey;../../Fontenay_WriterID_small/gallica.bnf.fr-iiif-ark_-12148-btv1b100332814-f11-full-full-0-native_jpg.bmp;gallica.bnf.fr-iiif-ark_-12148-btv1b100332814-f11-full-full-0-native_jpg.bmp;gallica.bnf.fr-iiif-ark_-12148-btv1b100332814-f11-full-full-0-native.jpg;13
371;LAT2649;JPG;NA;NO;Grey;../../Fontenay_WriterID_small/gallica.bnf.fr-iiif-ark_-12148-btv1b100332814-f12-full-full-0-native_jpg.bmp;gallica.bnf.fr-iiif-ark_-12148-btv1b100332814-f12-full-full-0-native_jpg.bmp;gallica.bnf.fr-iiif-ark_-12148-btv1b100332814-f12-full-full-0-native.jpg;312
145;LAT2649;JPG;NA;NO;Grey;../../Fontenay_WriterID_small/gallica.bnf.fr-iiif-ark_-12148-btv1b100332814-f13-full-full-0-native_jpg.bmp;gallica.bnf.fr-iiif-ark_-12148-btv1b100332814-f13-full-full-0-native_jpg.bmp;gallica.bnf.fr-iiif-ark_-12148-btv1b100332814-f13-full-full-0-native.jpg;257
247;LAT2649;JPG;NA;NO;Grey;../../Fontenay_WriterID_small/gallica.bnf.fr-iiif-ark_-12148-btv1b100332814-f14-full-full-0-native_jpg.bmp;gallica.bnf.fr-iiif-ark_-12148-btv1b100332814-f14-full-full-0-native_jpg.bmp;gallica.bnf.fr-iiif-ark_-12148-btv1b100332814-f14-full-full-0-native.jpg;198
68;LAT10522;JPG;NA;NO;Grey;../../Fontenay_WriterID_small/gallica.bnf.fr-iiif-ark_-12148-btv1b10036196f-f10-full-full-0-native_jpg.bmp;gallica.bnf.fr-iiif-ark_-12148-btv1b10036196f-f10-full-full-0-native_jpg.bmp;gallica.bnf.fr-iiif-ark_-12148-btv1b10036196f-f10-full-full-0-native.jpg;118
170;LAT10522;JPG;NA;NO;Grey;../../Fontenay_WriterID_small/gallica.bnf.fr-iiif-ark_-12148-btv1b10036196f-f11-full-full-0-native_jpg.bmp;gallica.bnf.fr-iiif-ark_-12148-btv1b10036196f-f11-full-full-0-native_jpg.bmp;gallica.bnf.fr-iiif-ark_-12148-btv1b10036196f-f11-full-full-0-native.jpg;168
313;LAT10522;JPG;NA;NO;Grey;../../Fontenay_WriterID_small/gallica.bnf.fr-iiif-ark_-12148-btv1b10036196f-f12-full-full-0-native_jpg.bmp;gallica.bnf.fr-iiif-ark_-12148-btv1b10036196f-f12-full-full-0-native_jpg.bmp;gallica.bnf.fr-iiif-ark_-12148-btv1b10036196f-f12-full-full-0-native.jpg;58
214;LAT10522;JPG;NA;NO;Grey;../../Fontenay_WriterID_small/gallica.bnf.fr-iiif-ark_-12148-btv1b10036196f-f13-full-full-0-native_jpg.bmp;gallica.bnf.fr-iiif-ark_-12148-btv1b10036196f-f13-full-full-0-native_jpg.bmp;gallica.bnf.fr-iiif-ark_-12148-btv1b10036196f-f13-full-full-0-native.jpg;49
245;LAT10522;JPG;NA;NO;Grey;../../Fontenay_WriterID_small/gallica.bnf.fr-iiif-ark_-12148-btv1b10036196f-f14-full-full-0-native_jpg.bmp;gallica.bnf.fr-iiif-ark_-12148-btv1b10036196f-f14-full-full-0-native_jpg.bmp;gallica.bnf.fr-iiif-ark_-12148-btv1b10036196f-f14-full-full-0-native.jpg;284
5;LAT620;JPG;NA;NO;Grey;../../Fontenay_WriterID_small/gallica.bnf.fr-iiif-ark_-12148-btv1b10036602t-f10-full-full-0-native_jpg.bmp;gallica.bnf.fr-iiif-ark_-12148-btv1b10036602t-f10-full-full-0-native_jpg.bmp;gallica.bnf.fr-iiif-ark_-12148-btv1b10036602t-f10-full-full-0-native.jpg;46
312;LAT620;JPG;NA;NO;Grey;../../Fontenay_WriterID_small/gallica.bnf.fr-iiif-ark_-12148-btv1b10036602t-f11-full-full-0-native_jpg.bmp;gallica.bnf.fr-iiif-ark_-12148-btv1b10036602t-f11-full-full-0-native_jpg.bmp;gallica.bnf.fr-iiif-ark_-12148-btv1b10036602t-f11-full-full-0-native.jpg;125
254;LAT620;JPG;NA;NO;Grey;../../Fontenay_WriterID_small/gallica.bnf.fr-iiif-ark_-12148-btv1b10036602t-f12-full-full-0-native_jpg.bmp;gallica.bnf.fr-iiif-ark_-12148-btv1b10036602t-f12-full-full-0-native_jpg.bmp;gallica.bnf.fr-iiif-ark_-12148-btv1b10036602t-f12-full-full-0-native.jpg;105
329;LAT620;JPG;NA;NO;Grey;../../Fontenay_WriterID_small/gallica.bnf.fr-iiif-ark_-12148-btv1b10036602t-f13-full-full-0-native_jpg.bmp;gallica.bnf.fr-iiif-ark_-12148-btv1b10036602t-f13-full-full-0-native_jpg.bmp;gallica.bnf.fr-iiif-ark_-12148-btv1b10036602t-f13-full-full-0-native.jpg;9
367;LAT620;JPG;NA;NO;Grey;../../Fontenay_WriterID_small/gallica.bnf.fr-iiif-ark_-12148-btv1b10036602t-f14-full-full-0-native_jpg.bmp;gallica.bnf.fr-iiif-ark_-12148-btv1b10036602t-f14-full-full-0-native_jpg.bmp;gallica.bnf.fr-iiif-ark_-12148-btv1b10036602t-f14-full-full-0-native.jpg;72
314;LAT1650;JPG;NA;NO;RGB;../../Fontenay_WriterID_small/gallica.bnf.fr-iiif-ark_-12148-btv1b10540984s-f10-full-full-0-native_jpg.bmp;gallica.bnf.fr-iiif-ark_-12148-btv1b10540984s-f10-full-full-0-native_jpg.bmp;gallica.bnf.fr-iiif-ark_-12148-btv1b10540984s-f10-full-full-0-native.jpg;104
235;LAT1650;JPG;NA;NO;RGB;../../Fontenay_WriterID_small/gallica.bnf.fr-iiif-ark_-12148-btv1b10540984s-f11-full-full-0-native_jpg.bmp;gallica.bnf.fr-iiif-ark_-12148-btv1b10540984s-f11-full-full-0-native_jpg.bmp;gallica.bnf.fr-iiif-ark_-12148-btv1b10540984s-f11-full-full-0-native.jpg;216
213;LAT1650;JPG;NA;NO;RGB;../../Fontenay_WriterID_small/gallica.bnf.fr-iiif-ark_-12148-btv1b10540984s-f12-full-full-0-native_jpg.bmp;gallica.bnf.fr-iiif-ark_-12148-btv1b10540984s-f12-full-full-0-native_jpg.bmp;gallica.bnf.fr-iiif-ark_-12148-btv1b10540984s-f12-full-full-0-native.jpg;330
112;LAT1650;JPG;NA;NO;RGB;../../Fontenay_WriterID_small/gallica.bnf.fr-iiif-ark_-12148-btv1b10540984s-f13-full-full-0-native_jpg.bmp;gallica.bnf.fr-iiif-ark_-12148-btv1b10540984s-f13-full-full-0-native_jpg.bmp;gallica.bnf.fr-iiif-ark_-12148-btv1b10540984s-f13-full-full-0-native.jpg;367
123;LAT1650;JPG;NA;NO;RGB;../../Fontenay_WriterID_small/gallica.bnf.fr-iiif-ark_-12148-btv1b10540984s-f14-full-full-0-native_jpg.bmp;gallica.bnf.fr-iiif-ark_-12148-btv1b10540984s-f14-full-full-0-native_jpg.bmp;gallica.bnf.fr-iiif-ark_-12148-btv1b10540984s-f14-full-full-0-native.jpg;16
118;LAT1919;JPG;NA;NO;RGB;../../Fontenay_WriterID_small/gallica.bnf.fr-iiif-ark_-12148-btv1b105409857-f10-full-full-0-native_jpg.bmp;gallica.bnf.fr-iiif-ark_-12148-btv1b105409857-f10-full-full-0-native_jpg.bmp;gallica.bnf.fr-iiif-ark_-12148-btv1b105409857-f10-full-full-0-native.jpg;276
151;LAT1919;JPG;NA;NO;RGB;../../Fontenay_WriterID_small/gallica.bnf.fr-iiif-ark_-12148-btv1b105409857-f11-full-full-0-native_jpg.bmp;gallica.bnf.fr-iiif-ark_-12148-btv1b105409857-f11-full-full-0-native_jpg.bmp;gallica.bnf.fr-iiif-ark_-12148-btv1b105409857-f11-full-full-0-native.jpg;100
2;LAT1919;JPG;NA;NO;RGB;../../Fontenay_WriterID_small/gallica.bnf.fr-iiif-ark_-12148-btv1b105409857-f12-full-full-0-native_jpg.bmp;gallica.bnf.fr-iiif-ark_-12148-btv1b105409857-f12-full-full-0-native_jpg.bmp;gallica.bnf.fr-iiif-ark_-12148-btv1b105409857-f12-full-full-0-native.jpg;291
147;LAT1919;JPG;NA;NO;RGB;../../Fontenay_WriterID_small/gallica.bnf.fr-iiif-ark_-12148-btv1b105409857-f13-full-full-0-native_jpg.bmp;gallica.bnf.fr-iiif-ark_-12148-btv1b105409857-f13-full-full-0-native_jpg.bmp;gallica.bnf.fr-iiif-ark_-12148-btv1b105409857-f13-full-full-0-native.jpg;293
122;LAT1919;JPG;NA;NO;RGB;../../Fontenay_WriterID_small/gallica.bnf.fr-iiif-ark_-12148-btv1b105409857-f14-full-full-0-native_jpg.bmp;gallica.bnf.fr-iiif-ark_-12148-btv1b105409857-f14-full-full-0-native_jpg.bmp;gallica.bnf.fr-iiif-ark_-12148-btv1b105409857-f14-full-full-0-native.jpg;75
238;LAT2255;JPG;NA;NO;RGB;../../Fontenay_WriterID_small/gallica.bnf.fr-iiif-ark_-12148-btv1b10540988k-f10-full-full-0-native_jpg.bmp;gallica.bnf.fr-iiif-ark_-12148-btv1b10540988k-f10-full-full-0-native_jpg.bmp;gallica.bnf.fr-iiif-ark_-12148-btv1b10540988k-f10-full-full-0-native.jpg;182
308;LAT2255;JPG;NA;NO;RGB;../../Fontenay_WriterID_small/gallica.bnf.fr-iiif-ark_-12148-btv1b10540988k-f11-full-full-0-native_jpg.bmp;gallica.bnf.fr-iiif-ark_-12148-btv1b10540988k-f11-full-full-0-native_jpg.bmp;gallica.bnf.fr-iiif-ark_-12148-btv1b10540988k-f11-full-full-0-native.jpg;128
232;LAT2255;JPG;NA;NO;RGB;../../Fontenay_WriterID_small/gallica.bnf.fr-iiif-ark_-12148-btv1b10540988k-f12-full-full-0-native_jpg.bmp;gallica.bnf.fr-iiif-ark_-12148-btv1b10540988k-f12-full-full-0-native_jpg.bmp;gallica.bnf.fr-iiif-ark_-12148-btv1b10540988k-f12-full-full-0-native.jpg;353
92;LAT2255;JPG;NA;NO;RGB;../../Fontenay_WriterID_small/gallica.bnf.fr-iiif-ark_-12148-btv1b10540988k-f13-full-full-0-native_jpg.bmp;gallica.bnf.fr-iiif-ark_-12148-btv1b10540988k-f13-full-full-0-native_jpg.bmp;gallica.bnf.fr-iiif-ark_-12148-btv1b10540988k-f13-full-full-0-native.jpg;196
330;LAT2255;JPG;NA;NO;RGB;../../Fontenay_WriterID_small/gallica.bnf.fr-iiif-ark_-12148-btv1b10540988k-f14-full-full-0-native_jpg.bmp;gallica.bnf.fr-iiif-ark_-12148-btv1b10540988k-f14-full-full-0-native_jpg.bmp;gallica.bnf.fr-iiif-ark_-12148-btv1b10540988k-f14-full-full-0-native.jpg;361
81;LAT3162;JPG;NA;NO;RGB;../../Fontenay_WriterID_small/gallica.bnf.fr-iiif-ark_-12148-btv1b10541985k-f10-full-full-0-native_jpg.bmp;gallica.bnf.fr-iiif-ark_-12148-btv1b10541985k-f10-full-full-0-native_jpg.bmp;gallica.bnf.fr-iiif-ark_-12148-btv1b10541985k-f10-full-full-0-native.jpg;368
38;LAT3162;JPG;NA;NO;RGB;../../Fontenay_WriterID_small/gallica.bnf.fr-iiif-ark_-12148-btv1b10541985k-f11-full-full-0-native_jpg.bmp;gallica.bnf.fr-iiif-ark_-12148-btv1b10541985k-f11-full-full-0-native_jpg.bmp;gallica.bnf.fr-iiif-ark_-12148-btv1b10541985k-f11-full-full-0-native.jpg;89
182;LAT3162;JPG;NA;NO;RGB;../../Fontenay_WriterID_small/gallica.bnf.fr-iiif-ark_-12148-btv1b10541985k-f12-full-full-0-native_jpg.bmp;gallica.bnf.fr-iiif-ark_-12148-btv1b10541985k-f12-full-full-0-native_jpg.bmp;gallica.bnf.fr-iiif-ark_-12148-btv1b10541985k-f12-full-full-0-native.jpg;53
173;LAT3162;JPG;NA;NO;RGB;../../Fontenay_WriterID_small/gallica.bnf.fr-iiif-ark_-12148-btv1b10541985k-f13-full-full-0-native_jpg.bmp;gallica.bnf.fr-iiif-ark_-12148-btv1b10541985k-f13-full-full-0-native_jpg.bmp;gallica.bnf.fr-iiif-ark_-12148-btv1b10541985k-f13-full-full-0-native.jpg;92
35;LAT3162;JPG;NA;NO;RGB;../../Fontenay_WriterID_small/gallica.bnf.fr-iiif-ark_-12148-btv1b10541985k-f14-full-full-0-native_jpg.bmp;gallica.bnf.fr-iiif-ark_-12148-btv1b10541985k-f14-full-full-0-native_jpg.bmp;gallica.bnf.fr-iiif-ark_-12148-btv1b10541985k-f14-full-full-0-native.jpg;63
291;LAT2425;JPG;NA;NO;RGB;../../Fontenay_WriterID_small/gallica.bnf.fr-iiif-ark_-12148-btv1b10542074n-f10-full-full-0-native_jpg.bmp;gallica.bnf.fr-iiif-ark_-12148-btv1b10542074n-f10-full-full-0-native_jpg.bmp;gallica.bnf.fr-iiif-ark_-12148-btv1b10542074n-f10-full-full-0-native.jpg;159
260;LAT2425;JPG;NA;NO;RGB;../../Fontenay_WriterID_small/gallica.bnf.fr-iiif-ark_-12148-btv1b10542074n-f11-full-full-0-native_jpg.bmp;gallica.bnf.fr-iiif-ark_-12148-btv1b10542074n-f11-full-full-0-native_jpg.bmp;gallica.bnf.fr-iiif-ark_-12148-btv1b10542074n-f11-full-full-0-native.jpg;117
69;LAT2425;JPG;NA;NO;RGB;../../Fontenay_WriterID_small/gallica.bnf.fr-iiif-ark_-12148-btv1b10542074n-f12-full-full-0-native_jpg.bmp;gallica.bnf.fr-iiif-ark_-12148-btv1b10542074n-f12-full-full-0-native_jpg.bmp;gallica.bnf.fr-iiif-ark_-12148-btv1b10542074n-f12-full-full-0-native.jpg;33
63;LAT2425;JPG;NA;NO;RGB;../../Fontenay_WriterID_small/gallica.bnf.fr-iiif-ark_-12148-btv1b10542074n-f13-full-full-0-native_jpg.bmp;gallica.bnf.fr-iiif-ark_-12148-btv1b10542074n-f13-full-full-0-native_jpg.bmp;gallica.bnf.fr-iiif-ark_-12148-btv1b10542074n-f13-full-full-0-native.jpg;15
208;LAT2425;JPG;NA;NO;RGB;../../Fontenay_WriterID_small/gallica.bnf.fr-iiif-ark_-12148-btv1b10542074n-f14-full-full-0-native_jpg.bmp;gallica.bnf.fr-iiif-ark_-12148-btv1b10542074n-f14-full-full-0-native_jpg.bmp;gallica.bnf.fr-iiif-ark_-12148-btv1b10542074n-f14-full-full-0-native.jpg;275
332;LAT2427;JPG;NA;NO;RGB;../../Fontenay_WriterID_small/gallica.bnf.fr-iiif-ark_-12148-btv1b105420753-f10-full-full-0-native_jpg.bmp;gallica.bnf.fr-iiif-ark_-12148-btv1b105420753-f10-full-full-0-native_jpg.bmp;gallica.bnf.fr-iiif-ark_-12148-btv1b105420753-f10-full-full-0-native.jpg;349
219;LAT2427;JPG;NA;NO;RGB;../../Fontenay_WriterID_small/gallica.bnf.fr-iiif-ark_-12148-btv1b105420753-f11-full-full-0-native_jpg.bmp;gallica.bnf.fr-iiif-ark_-12148-btv1b105420753-f11-full-full-0-native_jpg.bmp;gallica.bnf.fr-iiif-ark_-12148-btv1b105420753-f11-full-full-0-native.jpg;234
9;LAT2427;JPG;NA;NO;RGB;../../Fontenay_WriterID_small/gallica.bnf.fr-iiif-ark_-12148-btv1b105420753-f12-full-full-0-native_jpg.bmp;gallica.bnf.fr-iiif-ark_-12148-btv1b105420753-f12-full-full-0-native_jpg.bmp;gallica.bnf.fr-iiif-ark_-12148-btv1b105420753-f12-full-full-0-native.jpg;101
178;LAT2427;JPG;NA;NO;RGB;../../Fontenay_WriterID_small/gallica.bnf.fr-iiif-ark_-12148-btv1b105420753-f13-full-full-0-native_jpg.bmp;gallica.bnf.fr-iiif-ark_-12148-btv1b105420753-f13-full-full-0-native_jpg.bmp;gallica.bnf.fr-iiif-ark_-12148-btv1b105420753-f13-full-full-0-native.jpg;299
179;LAT2427;JPG;NA;NO;RGB;../../Fontenay_WriterID_small/gallica.bnf.fr-iiif-ark_-12148-btv1b105420753-f14-full-full-0-native_jpg.bmp;gallica.bnf.fr-iiif-ark_-12148-btv1b105420753-f14-full-full-0-native_jpg.bmp;gallica.bnf.fr-iiif-ark_-12148-btv1b105420753-f14-full-full-0-native.jpg;80
288;LAT1835A;JPG;NA;NO;RGB;../../Fontenay_WriterID_small/gallica.bnf.fr-iiif-ark_-12148-btv1b105437753-f10-full-full-0-native_jpg.bmp;gallica.bnf.fr-iiif-ark_-12148-btv1b105437753-f10-full-full-0-native_jpg.bmp;gallica.bnf.fr-iiif-ark_-12148-btv1b105437753-f10-full-full-0-native.jpg;143
46;LAT1835A;JPG;NA;NO;RGB;../../Fontenay_WriterID_small/gallica.bnf.fr-iiif-ark_-12148-btv1b105437753-f11-full-full-0-native_jpg.bmp;gallica.bnf.fr-iiif-ark_-12148-btv1b105437753-f11-full-full-0-native_jpg.bmp;gallica.bnf.fr-iiif-ark_-12148-btv1b105437753-f11-full-full-0-native.jpg;21
52;LAT1835A;JPG;NA;NO;RGB;../../Fontenay_WriterID_small/gallica.bnf.fr-iiif-ark_-12148-btv1b105437753-f12-full-full-0-native_jpg.bmp;gallica.bnf.fr-iiif-ark_-12148-btv1b105437753-f12-full-full-0-native_jpg.bmp;gallica.bnf.fr-iiif-ark_-12148-btv1b105437753-f12-full-full-0-native.jpg;106
128;LAT1835A;JPG;NA;NO;RGB;../../Fontenay_WriterID_small/gallica.bnf.fr-iiif-ark_-12148-btv1b105437753-f13-full-full-0-native_jpg.bmp;gallica.bnf.fr-iiif-ark_-12148-btv1b105437753-f13-full-full-0-native_jpg.bmp;gallica.bnf.fr-iiif-ark_-12148-btv1b105437753-f13-full-full-0-native.jpg;286
201;LAT1835A;JPG;NA;NO;RGB;../../Fontenay_WriterID_small/gallica.bnf.fr-iiif-ark_-12148-btv1b105437753-f14-full-full-0-native_jpg.bmp;gallica.bnf.fr-iiif-ark_-12148-btv1b105437753-f14-full-full-0-native_jpg.bmp;gallica.bnf.fr-iiif-ark_-12148-btv1b105437753-f14-full-full-0-native.jpg;278
284;LAT2283;JPG;NA;NO;RGB;../../Fontenay_WriterID_small/gallica.bnf.fr-iiif-ark_-12148-btv1b10544528z-f10-full-full-0-native_jpg.bmp;gallica.bnf.fr-iiif-ark_-12148-btv1b10544528z-f10-full-full-0-native_jpg.bmp;gallica.bnf.fr-iiif-ark_-12148-btv1b10544528z-f10-full-full-0-native.jpg;171
133;LAT2283;JPG;NA;NO;RGB;../../Fontenay_WriterID_small/gallica.bnf.fr-iiif-ark_-12148-btv1b10544528z-f11-full-full-0-native_jpg.bmp;gallica.bnf.fr-iiif-ark_-12148-btv1b10544528z-f11-full-full-0-native_jpg.bmp;gallica.bnf.fr-iiif-ark_-12148-btv1b10544528z-f11-full-full-0-native.jpg;277
95;LAT2283;JPG;NA;NO;RGB;../../Fontenay_WriterID_small/gallica.bnf.fr-iiif-ark_-12148-btv1b10544528z-f12-full-full-0-native_jpg.bmp;gallica.bnf.fr-iiif-ark_-12148-btv1b10544528z-f12-full-full-0-native_jpg.bmp;gallica.bnf.fr-iiif-ark_-12148-btv1b10544528z-f12-full-full-0-native.jpg;122
368;LAT2283;JPG;NA;NO;RGB;../../Fontenay_WriterID_small/gallica.bnf.fr-iiif-ark_-12148-btv1b10544528z-f13-full-full-0-native_jpg.bmp;gallica.bnf.fr-iiif-ark_-12148-btv1b10544528z-f13-full-full-0-native_jpg.bmp;gallica.bnf.fr-iiif-ark_-12148-btv1b10544528z-f13-full-full-0-native.jpg;253
15;LAT2283;JPG;NA;NO;RGB;../../Fontenay_WriterID_small/gallica.bnf.fr-iiif-ark_-12148-btv1b10544528z-f14-full-full-0-native_jpg.bmp;gallica.bnf.fr-iiif-ark_-12148-btv1b10544528z-f14-full-full-0-native_jpg.bmp;gallica.bnf.fr-iiif-ark_-12148-btv1b10544528z-f14-full-full-0-native.jpg;229
349;LAT477;JPG;NA;NO;Grey;../../Fontenay_WriterID_small/gallica.bnf.fr-iiif-ark_-12148-btv1b107210747-f10-full-full-0-native_jpg.bmp;gallica.bnf.fr-iiif-ark_-12148-btv1b107210747-f10-full-full-0-native_jpg.bmp;gallica.bnf.fr-iiif-ark_-12148-btv1b107210747-f10-full-full-0-native.jpg;232
45;LAT477;JPG;NA;NO;Grey;../../Fontenay_WriterID_small/gallica.bnf.fr-iiif-ark_-12148-btv1b107210747-f11-full-full-0-native_jpg.bmp;gallica.bnf.fr-iiif-ark_-12148-btv1b107210747-f11-full-full-0-native_jpg.bmp;gallica.bnf.fr-iiif-ark_-12148-btv1b107210747-f11-full-full-0-native.jpg;6
292;LAT477;JPG;NA;NO;Grey;../../Fontenay_WriterID_small/gallica.bnf.fr-iiif-ark_-12148-btv1b107210747-f12-full-full-0-native_jpg.bmp;gallica.bnf.fr-iiif-ark_-12148-btv1b107210747-f12-full-full-0-native_jpg.bmp;gallica.bnf.fr-iiif-ark_-12148-btv1b107210747-f12-full-full-0-native.jpg;2
25;LAT477;JPG;NA;NO;Grey;../../Fontenay_WriterID_small/gallica.bnf.fr-iiif-ark_-12148-btv1b107210747-f13-full-full-0-native_jpg.bmp;gallica.bnf.fr-iiif-ark_-12148-btv1b107210747-f13-full-full-0-native_jpg.bmp;gallica.bnf.fr-iiif-ark_-12148-btv1b107210747-f13-full-full-0-native.jpg;237
259;LAT477;JPG;NA;NO;Grey;../../Fontenay_WriterID_small/gallica.bnf.fr-iiif-ark_-12148-btv1b107210747-f14-full-full-0-native_jpg.bmp;gallica.bnf.fr-iiif-ark_-12148-btv1b107210747-f14-full-full-0-native_jpg.bmp;gallica.bnf.fr-iiif-ark_-12148-btv1b107210747-f14-full-full-0-native.jpg;274
58;ARS1086;JPG;NA;NO;RGB;../../Fontenay_WriterID_small/gallica.bnf.fr-iiif-ark_-12148-btv1b525091393-f11-full-full-0-native_jpg.bmp;gallica.bnf.fr-iiif-ark_-12148-btv1b525091393-f11-full-full-0-native_jpg.bmp;gallica.bnf.fr-iiif-ark_-12148-btv1b525091393-f11-full-full-0-native.jpg;32
113;ARS1086;JPG;NA;NO;RGB;../../Fontenay_WriterID_small/gallica.bnf.fr-iiif-ark_-12148-btv1b525091393-f12-full-full-0-native_jpg.bmp;gallica.bnf.fr-iiif-ark_-12148-btv1b525091393-f12-full-full-0-native_jpg.bmp;gallica.bnf.fr-iiif-ark_-12148-btv1b525091393-f12-full-full-0-native.jpg;228
154;ARS1086;JPG;NA;NO;RGB;../../Fontenay_WriterID_small/gallica.bnf.fr-iiif-ark_-12148-btv1b525091393-f13-full-full-0-native_jpg.bmp;gallica.bnf.fr-iiif-ark_-12148-btv1b525091393-f13-full-full-0-native_jpg.bmp;gallica.bnf.fr-iiif-ark_-12148-btv1b525091393-f13-full-full-0-native.jpg;305
11;ARS1086;JPG;NA;NO;RGB;../../Fontenay_WriterID_small/gallica.bnf.fr-iiif-ark_-12148-btv1b525091393-f14-full-full-0-native_jpg.bmp;gallica.bnf.fr-iiif-ark_-12148-btv1b525091393-f14-full-full-0-native_jpg.bmp;gallica.bnf.fr-iiif-ark_-12148-btv1b525091393-f14-full-full-0-native.jpg;31
350;ARS1086;JPG;NA;NO;RGB;../../Fontenay_WriterID_small/gallica.bnf.fr-iiif-ark_-12148-btv1b525091393-f15-full-full-0-native_jpg.bmp;gallica.bnf.fr-iiif-ark_-12148-btv1b525091393-f15-full-full-0-native_jpg.bmp;gallica.bnf.fr-iiif-ark_-12148-btv1b525091393-f15-full-full-0-native.jpg;4
352;ARS95;JPG;NA;NO;RGB;../../Fontenay_WriterID_small/gallica.bnf.fr-iiif-ark_-12148-btv1b52509140g-f10-full-full-0-native_jpg.bmp;gallica.bnf.fr-iiif-ark_-12148-btv1b52509140g-f10-full-full-0-native_jpg.bmp;gallica.bnf.fr-iiif-ark_-12148-btv1b52509140g-f10-full-full-0-native.jpg;103
89;ARS95;JPG;NA;NO;RGB;../../Fontenay_WriterID_small/gallica.bnf.fr-iiif-ark_-12148-btv1b52509140g-f11-full-full-0-native_jpg.bmp;gallica.bnf.fr-iiif-ark_-12148-btv1b52509140g-f11-full-full-0-native_jpg.bmp;gallica.bnf.fr-iiif-ark_-12148-btv1b52509140g-f11-full-full-0-native.jpg;224
1;ARS95;JPG;NA;NO;RGB;../../Fontenay_WriterID_small/gallica.bnf.fr-iiif-ark_-12148-btv1b52509140g-f12-full-full-0-native_jpg.bmp;gallica.bnf.fr-iiif-ark_-12148-btv1b52509140g-f12-full-full-0-native_jpg.bmp;gallica.bnf.fr-iiif-ark_-12148-btv1b52509140g-f12-full-full-0-native.jpg;220
240;ARS95;JPG;NA;NO;RGB;../../Fontenay_WriterID_small/gallica.bnf.fr-iiif-ark_-12148-btv1b52509140g-f13-full-full-0-native_jpg.bmp;gallica.bnf.fr-iiif-ark_-12148-btv1b52509140g-f13-full-full-0-native_jpg.bmp;gallica.bnf.fr-iiif-ark_-12148-btv1b52509140g-f13-full-full-0-native.jpg;10
295;ARS95;JPG;NA;NO;RGB;../../Fontenay_WriterID_small/gallica.bnf.fr-iiif-ark_-12148-btv1b52509140g-f14-full-full-0-native_jpg.bmp;gallica.bnf.fr-iiif-ark_-12148-btv1b52509140g-f14-full-full-0-native_jpg.bmp;gallica.bnf.fr-iiif-ark_-12148-btv1b52509140g-f14-full-full-0-native.jpg;199
64;ARS59;JPG;NA;NO;RGB;../../Fontenay_WriterID_small/gallica.bnf.fr-iiif-ark_-12148-btv1b52509143t-f14-full-full-0-native_jpg.bmp;gallica.bnf.fr-iiif-ark_-12148-btv1b52509143t-f14-full-full-0-native_jpg.bmp;gallica.bnf.fr-iiif-ark_-12148-btv1b52509143t-f14-full-full-0-native.jpg;119
255;ARS59;JPG;NA;NO;RGB;../../Fontenay_WriterID_small/gallica.bnf.fr-iiif-ark_-12148-btv1b52509143t-f15-full-full-0-native_jpg.bmp;gallica.bnf.fr-iiif-ark_-12148-btv1b52509143t-f15-full-full-0-native_jpg.bmp;gallica.bnf.fr-iiif-ark_-12148-btv1b52509143t-f15-full-full-0-native.jpg;157
93;ARS59;JPG;NA;NO;RGB;../../Fontenay_WriterID_small/gallica.bnf.fr-iiif-ark_-12148-btv1b52509143t-f16-full-full-0-native_jpg.bmp;gallica.bnf.fr-iiif-ark_-12148-btv1b52509143t-f16-full-full-0-native_jpg.bmp;gallica.bnf.fr-iiif-ark_-12148-btv1b52509143t-f16-full-full-0-native.jpg;26
71;ARS59;JPG;NA;NO;RGB;../../Fontenay_WriterID_small/gallica.bnf.fr-iiif-ark_-12148-btv1b52509143t-f17-full-full-0-native_jpg.bmp;gallica.bnf.fr-iiif-ark_-12148-btv1b52509143t-f17-full-full-0-native_jpg.bmp;gallica.bnf.fr-iiif-ark_-12148-btv1b52509143t-f17-full-full-0-native.jpg;288
227;ARS59;JPG;NA;NO;RGB;../../Fontenay_WriterID_small/gallica.bnf.fr-iiif-ark_-12148-btv1b52509143t-f18-full-full-0-native_jpg.bmp;gallica.bnf.fr-iiif-ark_-12148-btv1b52509143t-f18-full-full-0-native_jpg.bmp;gallica.bnf.fr-iiif-ark_-12148-btv1b52509143t-f18-full-full-0-native.jpg;107
287;ARS150;JPG;NA;NO;RGB;../../Fontenay_WriterID_small/gallica.bnf.fr-iiif-ark_-12148-btv1b525091448-f10-full-full-0-native_jpg.bmp;gallica.bnf.fr-iiif-ark_-12148-btv1b525091448-f10-full-full-0-native_jpg.bmp;gallica.bnf.fr-iiif-ark_-12148-btv1b525091448-f10-full-full-0-native.jpg;204
7;ARS150;JPG;NA;NO;RGB;../../Fontenay_WriterID_small/gallica.bnf.fr-iiif-ark_-12148-btv1b525091448-f11-full-full-0-native_jpg.bmp;gallica.bnf.fr-iiif-ark_-12148-btv1b525091448-f11-full-full-0-native_jpg.bmp;gallica.bnf.fr-iiif-ark_-12148-btv1b525091448-f11-full-full-0-native.jpg;272
203;ARS150;JPG;NA;NO;RGB;../../Fontenay_WriterID_small/gallica.bnf.fr-iiif-ark_-12148-btv1b525091448-f12-full-full-0-native_jpg.bmp;gallica.bnf.fr-iiif-ark_-12148-btv1b525091448-f12-full-full-0-native_jpg.bmp;gallica.bnf.fr-iiif-ark_-12148-btv1b525091448-f12-full-full-0-native.jpg;76
375;ARS150;JPG;NA;NO;RGB;../../Fontenay_WriterID_small/gallica.bnf.fr-iiif-ark_-12148-btv1b525091448-f13-full-full-0-native_jpg.bmp;gallica.bnf.fr-iiif-ark_-12148-btv1b525091448-f13-full-full-0-native_jpg.bmp;gallica.bnf.fr-iiif-ark_-12148-btv1b525091448-f13-full-full-0-native.jpg;133
253;ARS150;JPG;NA;NO;RGB;../../Fontenay_WriterID_small/gallica.bnf.fr-iiif-ark_-12148-btv1b525091448-f14-full-full-0-native_jpg.bmp;gallica.bnf.fr-iiif-ark_-12148-btv1b525091448-f14-full-full-0-native_jpg.bmp;gallica.bnf.fr-iiif-ark_-12148-btv1b525091448-f14-full-full-0-native.jpg;81
195;ARS321;JPG;NA;NO;RGB;../../Fontenay_WriterID_small/gallica.bnf.fr-iiif-ark_-12148-btv1b52509147m-f11-full-full-0-native_jpg.bmp;gallica.bnf.fr-iiif-ark_-12148-btv1b52509147m-f11-full-full-0-native_jpg.bmp;gallica.bnf.fr-iiif-ark_-12148-btv1b52509147m-f11-full-full-0-native.jpg;28
108;ARS321;JPG;NA;NO;RGB;../../Fontenay_WriterID_small/gallica.bnf.fr-iiif-ark_-12148-btv1b52509147m-f12-full-full-0-native_jpg.bmp;gallica.bnf.fr-iiif-ark_-12148-btv1b52509147m-f12-full-full-0-native_jpg.bmp;gallica.bnf.fr-iiif-ark_-12148-btv1b52509147m-f12-full-full-0-native.jpg;161
42;ARS321;JPG;NA;NO;RGB;../../Fontenay_WriterID_small/gallica.bnf.fr-iiif-ark_-12148-btv1b52509147m-f13-full-full-0-native_jpg.bmp;gallica.bnf.fr-iiif-ark_-12148-btv1b52509147m-f13-full-full-0-native_jpg.bmp;gallica.bnf.fr-iiif-ark_-12148-btv1b52509147m-f13-full-full-0-native.jpg;327
85;ARS321;JPG;NA;NO;RGB;../../Fontenay_WriterID_small/gallica.bnf.fr-iiif-ark_-12148-btv1b52509147m-f14-full-full-0-native_jpg.bmp;gallica.bnf.fr-iiif-ark_-12148-btv1b52509147m-f14-full-full-0-native_jpg.bmp;gallica.bnf.fr-iiif-ark_-12148-btv1b52509147m-f14-full-full-0-native.jpg;225
47;ARS321;JPG;NA;NO;RGB;../../Fontenay_WriterID_small/gallica.bnf.fr-iiif-ark_-12148-btv1b52509147m-f15-full-full-0-native_jpg.bmp;gallica.bnf.fr-iiif-ark_-12148-btv1b52509147m-f15-full-full-0-native_jpg.bmp;gallica.bnf.fr-iiif-ark_-12148-btv1b52509147m-f15-full-full-0-native.jpg;318
87;ARS342;JPG;NA;NO;RGB;../../Fontenay_WriterID_small/gallica.bnf.fr-iiif-ark_-12148-btv1b525091482-f10-full-full-0-native_jpg.bmp;gallica.bnf.fr-iiif-ark_-12148-btv1b525091482-f10-full-full-0-native_jpg.bmp;gallica.bnf.fr-iiif-ark_-12148-btv1b525091482-f10-full-full-0-native.jpg;289
206;ARS342;JPG;NA;NO;RGB;../../Fontenay_WriterID_small/gallica.bnf.fr-iiif-ark_-12148-btv1b525091482-f11-full-full-0-native_jpg.bmp;gallica.bnf.fr-iiif-ark_-12148-btv1b525091482-f11-full-full-0-native_jpg.bmp;gallica.bnf.fr-iiif-ark_-12148-btv1b525091482-f11-full-full-0-native.jpg;160
84;ARS342;JPG;NA;NO;RGB;../../Fontenay_WriterID_small/gallica.bnf.fr-iiif-ark_-12148-btv1b525091482-f12-full-full-0-native_jpg.bmp;gallica.bnf.fr-iiif-ark_-12148-btv1b525091482-f12-full-full-0-native_jpg.bmp;gallica.bnf.fr-iiif-ark_-12148-btv1b525091482-f12-full-full-0-native.jpg;202
56;ARS342;JPG;NA;NO;RGB;../../Fontenay_WriterID_small/gallica.bnf.fr-iiif-ark_-12148-btv1b525091482-f13-full-full-0-native_jpg.bmp;gallica.bnf.fr-iiif-ark_-12148-btv1b525091482-f13-full-full-0-native_jpg.bmp;gallica.bnf.fr-iiif-ark_-12148-btv1b525091482-f13-full-full-0-native.jpg;364
115;ARS342;JPG;NA;NO;RGB;../../Fontenay_WriterID_small/gallica.bnf.fr-iiif-ark_-12148-btv1b525091482-f14-full-full-0-native_jpg.bmp;gallica.bnf.fr-iiif-ark_-12148-btv1b525091482-f14-full-full-0-native_jpg.bmp;gallica.bnf.fr-iiif-ark_-12148-btv1b525091482-f14-full-full-0-native.jpg;222
94;ARS342;JPG;NA;NO;RGB;../../Fontenay_WriterID_small/gallica.bnf.fr-iiif-ark_-12148-btv1b525091482-f15-full-full-0-native_jpg.bmp;gallica.bnf.fr-iiif-ark_-12148-btv1b525091482-f15-full-full-0-native_jpg.bmp;gallica.bnf.fr-iiif-ark_-12148-btv1b525091482-f15-full-full-0-native.jpg;236
79;ARS987;JPG;NA;NO;Grey;../../Fontenay_WriterID_small/gallica.bnf.fr-iiif-ark_-12148-btv1b90680681-f10-full-full-0-native_jpg.bmp;gallica.bnf.fr-iiif-ark_-12148-btv1b90680681-f10-full-full-0-native_jpg.bmp;gallica.bnf.fr-iiif-ark_-12148-btv1b90680681-f10-full-full-0-native.jpg;304
357;ARS987;JPG;NA;NO;Grey;../../Fontenay_WriterID_small/gallica.bnf.fr-iiif-ark_-12148-btv1b90680681-f11-full-full-0-native_jpg.bmp;gallica.bnf.fr-iiif-ark_-12148-btv1b90680681-f11-full-full-0-native_jpg.bmp;gallica.bnf.fr-iiif-ark_-12148-btv1b90680681-f11-full-full-0-native.jpg;152
374;ARS987;JPG;NA;NO;Grey;../../Fontenay_WriterID_small/gallica.bnf.fr-iiif-ark_-12148-btv1b90680681-f12-full-full-0-native_jpg.bmp;gallica.bnf.fr-iiif-ark_-12148-btv1b90680681-f12-full-full-0-native_jpg.bmp;gallica.bnf.fr-iiif-ark_-12148-btv1b90680681-f12-full-full-0-native.jpg;43
266;ARS987;JPG;NA;NO;Grey;../../Fontenay_WriterID_small/gallica.bnf.fr-iiif-ark_-12148-btv1b90680681-f13-full-full-0-native_jpg.bmp;gallica.bnf.fr-iiif-ark_-12148-btv1b90680681-f13-full-full-0-native_jpg.bmp;gallica.bnf.fr-iiif-ark_-12148-btv1b90680681-f13-full-full-0-native.jpg;298
243;ARS987;JPG;NA;NO;Grey;../../Fontenay_WriterID_small/gallica.bnf.fr-iiif-ark_-12148-btv1b90680681-f14-full-full-0-native_jpg.bmp;gallica.bnf.fr-iiif-ark_-12148-btv1b90680681-f14-full-full-0-native_jpg.bmp;gallica.bnf.fr-iiif-ark_-12148-btv1b90680681-f14-full-full-0-native.jpg;62
263;LAT7619;JPG;NA;NO;Grey;../../Fontenay_WriterID_small/gallica.bnf.fr-iiif-ark_-12148-btv1b9077679v-f10-full-full-0-native_jpg.bmp;gallica.bnf.fr-iiif-ark_-12148-btv1b9077679v-f10-full-full-0-native_jpg.bmp;gallica.bnf.fr-iiif-ark_-12148-btv1b9077679v-f10-full-full-0-native.jpg;262
256;LAT7619;JPG;NA;NO;Grey;../../Fontenay_WriterID_small/gallica.bnf.fr-iiif-ark_-12148-btv1b9077679v-f11-full-full-0-native_jpg.bmp;gallica.bnf.fr-iiif-ark_-12148-btv1b9077679v-f11-full-full-0-native_jpg.bmp;gallica.bnf.fr-iiif-ark_-12148-btv1b9077679v-f11-full-full-0-native.jpg;68
216;LAT7619;JPG;NA;NO;Grey;../../Fontenay_WriterID_small/gallica.bnf.fr-iiif-ark_-12148-btv1b9077679v-f12-full-full-0-native_jpg.bmp;gallica.bnf.fr-iiif-ark_-12148-btv1b9077679v-f12-full-full-0-native_jpg.bmp;gallica.bnf.fr-iiif-ark_-12148-btv1b9077679v-f12-full-full-0-native.jpg;261
73;LAT7619;JPG;NA;NO;Grey;../../Fontenay_WriterID_small/gallica.bnf.fr-iiif-ark_-12148-btv1b9077679v-f13-full-full-0-native_jpg.bmp;gallica.bnf.fr-iiif-ark_-12148-btv1b9077679v-f13-full-full-0-native_jpg.bmp;gallica.bnf.fr-iiif-ark_-12148-btv1b9077679v-f13-full-full-0-native.jpg;180
77;LAT7619;JPG;NA;NO;Grey;../../Fontenay_WriterID_small/gallica.bnf.fr-iiif-ark_-12148-btv1b9077679v-f14-full-full-0-native_jpg.bmp;gallica.bnf.fr-iiif-ark_-12148-btv1b9077679v-f14-full-full-0-native_jpg.bmp;gallica.bnf.fr-iiif-ark_-12148-btv1b9077679v-f14-full-full-0-native.jpg;113
344;LAT1787A;JPG;NA;NO;Grey;../../Fontenay_WriterID_small/gallica.bnf.fr-iiif-ark_-12148-btv1b90778628-f10-full-full-0-native_jpg.bmp;gallica.bnf.fr-iiif-ark_-12148-btv1b90778628-f10-full-full-0-native_jpg.bmp;gallica.bnf.fr-iiif-ark_-12148-btv1b90778628-f10-full-full-0-native.jpg;252
275;LAT1787A;JPG;NA;NO;Grey;../../Fontenay_WriterID_small/gallica.bnf.fr-iiif-ark_-12148-btv1b90778628-f11-full-full-0-native_jpg.bmp;gallica.bnf.fr-iiif-ark_-12148-btv1b90778628-f11-full-full-0-native_jpg.bmp;gallica.bnf.fr-iiif-ark_-12148-btv1b90778628-f11-full-full-0-native.jpg;193
273;LAT1787A;JPG;NA;NO;Grey;../../Fontenay_WriterID_small/gallica.bnf.fr-iiif-ark_-12148-btv1b90778628-f12-full-full-0-native_jpg.bmp;gallica.bnf.fr-iiif-ark_-12148-btv1b90778628-f12-full-full-0-native_jpg.bmp;gallica.bnf.fr-iiif-ark_-12148-btv1b90778628-f12-full-full-0-native.jpg;97
246;LAT1787A;JPG;NA;NO;Grey;../../Fontenay_WriterID_small/gallica.bnf.fr-iiif-ark_-12148-btv1b90778628-f13-full-full-0-native_jpg.bmp;gallica.bnf.fr-iiif-ark_-12148-btv1b90778628-f13-full-full-0-native_jpg.bmp;gallica.bnf.fr-iiif-ark_-12148-btv1b90778628-f13-full-full-0-native.jpg;179
293;LAT1787A;JPG;NA;NO;Grey;../../Fontenay_WriterID_small/gallica.bnf.fr-iiif-ark_-12148-btv1b90778628-f14-full-full-0-native_jpg.bmp;gallica.bnf.fr-iiif-ark_-12148-btv1b90778628-f14-full-full-0-native_jpg.bmp;gallica.bnf.fr-iiif-ark_-12148-btv1b90778628-f14-full-full-0-native.jpg;135
258;LAT4391;JPG;NA;NO;Grey;../../Fontenay_WriterID_small/gallica.bnf.fr-iiif-ark_-12148-btv1b9078319v-f13-full-full-0-native_jpg.bmp;gallica.bnf.fr-iiif-ark_-12148-btv1b9078319v-f13-full-full-0-native_jpg.bmp;gallica.bnf.fr-iiif-ark_-12148-btv1b9078319v-f13-full-full-0-native.jpg;207
267;LAT4391;JPG;NA;NO;Grey;../../Fontenay_WriterID_small/gallica.bnf.fr-iiif-ark_-12148-btv1b9078319v-f14-full-full-0-native_jpg.bmp;gallica.bnf.fr-iiif-ark_-12148-btv1b9078319v-f14-full-full-0-native_jpg.bmp;gallica.bnf.fr-iiif-ark_-12148-btv1b9078319v-f14-full-full-0-native.jpg;86
29;LAT4391;JPG;NA;NO;Grey;../../Fontenay_WriterID_small/gallica.bnf.fr-iiif-ark_-12148-btv1b9078319v-f15-full-full-0-native_jpg.bmp;gallica.bnf.fr-iiif-ark_-12148-btv1b9078319v-f15-full-full-0-native_jpg.bmp;gallica.bnf.fr-iiif-ark_-12148-btv1b9078319v-f15-full-full-0-native.jpg;65
57;LAT4391;JPG;NA;NO;Grey;../../Fontenay_WriterID_small/gallica.bnf.fr-iiif-ark_-12148-btv1b9078319v-f16-full-full-0-native_jpg.bmp;gallica.bnf.fr-iiif-ark_-12148-btv1b9078319v-f16-full-full-0-native_jpg.bmp;gallica.bnf.fr-iiif-ark_-12148-btv1b9078319v-f16-full-full-0-native.jpg;290
305;LAT4391;JPG;NA;NO;Grey;../../Fontenay_WriterID_small/gallica.bnf.fr-iiif-ark_-12148-btv1b9078319v-f17-full-full-0-native_jpg.bmp;gallica.bnf.fr-iiif-ark_-12148-btv1b9078319v-f17-full-full-0-native_jpg.bmp;gallica.bnf.fr-iiif-ark_-12148-btv1b9078319v-f17-full-full-0-native.jpg;169
187;LAT5112;JPG;NA;NO;Grey;../../Fontenay_WriterID_small/gallica.bnf.fr-iiif-ark_-12148-btv1b9080941j-f10-full-full-0-native_jpg.bmp;gallica.bnf.fr-iiif-ark_-12148-btv1b9080941j-f10-full-full-0-native_jpg.bmp;gallica.bnf.fr-iiif-ark_-12148-btv1b9080941j-f10-full-full-0-native.jpg;377
279;LAT5112;JPG;NA;NO;Grey;../../Fontenay_WriterID_small/gallica.bnf.fr-iiif-ark_-12148-btv1b9080941j-f11-full-full-0-native_jpg.bmp;gallica.bnf.fr-iiif-ark_-12148-btv1b9080941j-f11-full-full-0-native_jpg.bmp;gallica.bnf.fr-iiif-ark_-12148-btv1b9080941j-f11-full-full-0-native.jpg;310
281;LAT5112;JPG;NA;NO;Grey;../../Fontenay_WriterID_small/gallica.bnf.fr-iiif-ark_-12148-btv1b9080941j-f12-full-full-0-native_jpg.bmp;gallica.bnf.fr-iiif-ark_-12148-btv1b9080941j-f12-full-full-0-native_jpg.bmp;gallica.bnf.fr-iiif-ark_-12148-btv1b9080941j-f12-full-full-0-native.jpg;218
217;LAT5112;JPG;NA;NO;Grey;../../Fontenay_WriterID_small/gallica.bnf.fr-iiif-ark_-12148-btv1b9080941j-f13-full-full-0-native_jpg.bmp;gallica.bnf.fr-iiif-ark_-12148-btv1b9080941j-f13-full-full-0-native_jpg.bmp;gallica.bnf.fr-iiif-ark_-12148-btv1b9080941j-f13-full-full-0-native.jpg;38
67;LAT5112;JPG;NA;NO;Grey;../../Fontenay_WriterID_small/gallica.bnf.fr-iiif-ark_-12148-btv1b9080941j-f14-full-full-0-native_jpg.bmp;gallica.bnf.fr-iiif-ark_-12148-btv1b9080941j-f14-full-full-0-native_jpg.bmp;gallica.bnf.fr-iiif-ark_-12148-btv1b9080941j-f14-full-full-0-native.jpg;320
164;LAT3871;JPG;NA;NO;Grey;../../Fontenay_WriterID_small/gallica.bnf.fr-iiif-ark_-12148-btv1b9080957d-f10-full-full-0-native_jpg.bmp;gallica.bnf.fr-iiif-ark_-12148-btv1b9080957d-f10-full-full-0-native_jpg.bmp;gallica.bnf.fr-iiif-ark_-12148-btv1b9080957d-f10-full-full-0-native.jpg;184
30;LAT3871;JPG;NA;NO;Grey;../../Fontenay_WriterID_small/gallica.bnf.fr-iiif-ark_-12148-btv1b9080957d-f11-full-full-0-native_jpg.bmp;gallica.bnf.fr-iiif-ark_-12148-btv1b9080957d-f11-full-full-0-native_jpg.bmp;gallica.bnf.fr-iiif-ark_-12148-btv1b9080957d-f11-full-full-0-native.jpg;329
317;LAT3871;JPG;NA;NO;Grey;../../Fontenay_WriterID_small/gallica.bnf.fr-iiif-ark_-12148-btv1b9080957d-f12-full-full-0-native_jpg.bmp;gallica.bnf.fr-iiif-ark_-12148-btv1b9080957d-f12-full-full-0-native_jpg.bmp;gallica.bnf.fr-iiif-ark_-12148-btv1b9080957d-f12-full-full-0-native.jpg;279
274;LAT3871;JPG;NA;NO;Grey;../../Fontenay_WriterID_small/gallica.bnf.fr-iiif-ark_-12148-btv1b9080957d-f13-full-full-0-native_jpg.bmp;gallica.bnf.fr-iiif-ark_-12148-btv1b9080957d-f13-full-full-0-native_jpg.bmp;gallica.bnf.fr-iiif-ark_-12148-btv1b9080957d-f13-full-full-0-native.jpg;356
325;LAT3871;JPG;NA;NO;Grey;../../Fontenay_WriterID_small/gallica.bnf.fr-iiif-ark_-12148-btv1b9080957d-f14-full-full-0-native_jpg.bmp;gallica.bnf.fr-iiif-ark_-12148-btv1b9080957d-f14-full-full-0-native_jpg.bmp;gallica.bnf.fr-iiif-ark_-12148-btv1b9080957d-f14-full-full-0-native.jpg;57
49;LAT2246;JPG;NA;NO;Grey;../../Fontenay_WriterID_small/gallica.bnf.fr-iiif-ark_-12148-btv1b9080978k-f10-full-full-0-native_jpg.bmp;gallica.bnf.fr-iiif-ark_-12148-btv1b9080978k-f10-full-full-0-native_jpg.bmp;gallica.bnf.fr-iiif-ark_-12148-btv1b9080978k-f10-full-full-0-native.jpg;45
228;LAT2246;JPG;NA;NO;Grey;../../Fontenay_WriterID_small/gallica.bnf.fr-iiif-ark_-12148-btv1b9080978k-f11-full-full-0-native_jpg.bmp;gallica.bnf.fr-iiif-ark_-12148-btv1b9080978k-f11-full-full-0-native_jpg.bmp;gallica.bnf.fr-iiif-ark_-12148-btv1b9080978k-f11-full-full-0-native.jpg;206
224;LAT2246;JPG;NA;NO;Grey;../../Fontenay_WriterID_small/gallica.bnf.fr-iiif-ark_-12148-btv1b9080978k-f12-full-full-0-native_jpg.bmp;gallica.bnf.fr-iiif-ark_-12148-btv1b9080978k-f12-full-full-0-native_jpg.bmp;gallica.bnf.fr-iiif-ark_-12148-btv1b9080978k-f12-full-full-0-native.jpg;25
360;LAT2246;JPG;NA;NO;Grey;../../Fontenay_WriterID_small/gallica.bnf.fr-iiif-ark_-12148-btv1b9080978k-f13-full-full-0-native_jpg.bmp;gallica.bnf.fr-iiif-ark_-12148-btv1b9080978k-f13-full-full-0-native_jpg.bmp;gallica.bnf.fr-iiif-ark_-12148-btv1b9080978k-f13-full-full-0-native.jpg;348
105;LAT2246;JPG;NA;NO;Grey;../../Fontenay_WriterID_small/gallica.bnf.fr-iiif-ark_-12148-btv1b9080978k-f14-full-full-0-native_jpg.bmp;gallica.bnf.fr-iiif-ark_-12148-btv1b9080978k-f14-full-full-0-native_jpg.bmp;gallica.bnf.fr-iiif-ark_-12148-btv1b9080978k-f14-full-full-0-native.jpg;363
